,PEAK,OPS,G,salary_inf,weight,height,age,bats_B,bats_L,bats_R,throws_L,throws_R
0,1,0.7353713768115941,330,382409.17775,180.0,71.0,27,0,0,1,0,1
1,0,0.6040914560770156,111,389285.71413000004,215.0,75.0,26,0,0,1,0,1
2,0,0.5993215704034001,117,286826.01449,185.0,73.0,25,0,0,1,0,1
3,1,0.7172815586967201,2017,9604268.568,220.0,72.0,37,0,1,0,0,1
4,0,0.6915418104945709,409,1723700.8866,205.0,73.0,26,0,1,0,0,1
5,0,0.6065700483091787,121,509500.0,185.0,72.0,25,1,0,0,0,1
6,1,0.7802489729095234,368,1650000.0,260.0,75.0,28,0,1,0,0,1
7,0,0.7072596297688549,139,388325.652768,205.0,72.0,25,0,1,0,0,1
8,1,0.8684472049689441,220,306620.20906,225.0,72.0,29,0,0,1,0,1
9,0,0.634000230204987,134,514936.708938,195.0,74.0,25,0,0,1,0,1
10,1,0.6861917003305178,265,324598.4784,180.0,71.0,27,0,1,0,1,0
11,1,0.5856118332586284,209,853658.5365875,150.0,70.0,29,0,0,1,0,1
12,1,0.6717919874227475,1476,9216589.86,210.0,71.0,32,0,0,1,0,1
13,1,0.6874069923103265,857,1084133.2584000002,165.0,69.0,36,1,0,0,0,1
14,1,0.583069488418597,345,454838.709685,220.0,77.0,28,0,0,1,0,1
15,0,0.7245123107192073,137,288115.246,195.0,73.0,24,0,0,1,0,1
16,0,0.6791289743883355,108,239252.33648000003,178.0,72.0,25,0,0,1,0,1
17,1,0.701430353800909,858,569343.06572,180.0,75.0,34,0,0,1,0,1
18,1,0.7075500770416026,2183,10592103.169812704,184.0,72.0,34,1,0,0,0,1
19,1,0.6222860918027974,501,4012269.93855,200.0,77.0,32,0,0,1,0,1
20,1,0.6830093906966587,414,2650000.0,230.0,73.0,29,0,1,0,0,1
21,1,0.9175644028103045,1633,8909370.198,185.0,75.0,39,0,0,1,0,1
22,0,0.8262595492139655,682,5731704.0,250.0,75.0,29,0,1,0,0,1
23,0,0.747550052687039,228,688336.51995,175.0,72.0,34,0,0,1,0,1
24,1,0.5440991839296925,517,1164556.9622,160.0,66.0,26,0,1,0,0,1
25,1,0.6342857142857143,243,411214.95332500007,170.0,70.0,32,1,0,0,0,1
26,1,0.6788717978428589,390,1053413.840745,165.0,71.0,30,1,0,0,0,1
27,1,0.61062124248497,1523,9757199.325600002,170.0,73.0,37,0,1,0,1,0
28,0,0.7087153972983136,243,440315.83819499996,220.0,74.0,26,0,0,1,0,1
29,1,0.6442982456140351,345,532544.378625,185.0,74.0,28,0,0,1,0,1
30,1,0.7045804639362088,2143,2797202.7975000003,190.0,75.0,37,0,1,0,1,0
31,1,0.7537642885297595,911,1101190.47575,190.0,70.0,32,0,1,0,0,1
32,1,0.5877063679245282,266,1358885.0171,185.0,71.0,28,0,0,1,0,1
33,0,0.7694676767234458,277,662576.6871,215.0,73.0,27,0,0,1,0,1
34,1,0.659274399591211,364,1600711.4279999998,210.0,73.0,32,0,1,0,1,0
35,0,0.7162288035303909,282,581314.8789,195.0,74.0,26,0,1,0,1,0
36,1,0.7377299895441565,556,5500000.0,180.0,69.0,34,0,1,0,0,1
37,0,0.7516129032258064,103,519645.120225,225.0,72.0,23,0,1,0,0,1
38,1,0.5923430880642504,369,520789.69934079994,210.0,73.0,27,0,0,1,0,1
39,0,0.7733270115496025,118,900360.14375,185.0,75.0,32,0,0,1,0,1
40,1,0.5813063120549273,321,1166032.9527,185.0,73.0,30,0,0,1,0,1
41,1,0.754159272404614,1169,202874.049,182.0,71.0,35,0,0,1,0,1
42,1,0.6891537667698658,250,524050.63299,205.0,73.0,25,0,1,0,0,1
43,0,0.8051707729724014,593,1214788.7322,185.0,74.0,36,1,0,0,0,1
44,1,0.650078586296249,733,7888111.8889500005,190.0,74.0,30,0,0,1,0,1
45,1,0.7445945945945946,1314,5016256.3845,170.0,72.0,37,0,0,1,0,1
46,1,0.6418483927178343,1659,4630969.608,190.0,71.0,38,0,0,1,0,1
47,0,0.8140240992603198,137,288115.246,180.0,69.0,27,0,0,1,0,1
48,1,0.6857287449392713,587,4207858.0467,210.0,71.0,27,0,1,0,0,1
49,1,0.6157505285412261,585,3548795.943,205.0,70.0,33,0,0,1,0,1
50,0,0.7468838241226301,105,1090909.091025,205.0,71.0,26,1,0,0,0,1
51,0,0.7707866156619618,501,734506.5036,160.0,69.0,31,1,0,0,0,1
52,0,0.8594202898550725,1204,652173.913,165.0,71.0,35,1,0,0,0,1
53,1,0.8420600018538162,2111,20328215.984,195.0,72.0,36,0,0,1,0,1
54,0,0.9774804905239687,2183,2492196.8779,175.0,74.0,40,0,1,0,1,0
55,1,0.798819094737462,1805,1282527.880825,183.0,74.0,36,0,0,1,0,1
56,0,0.7905165813756699,104,449233.62732299994,220.0,74.0,27,0,0,1,0,1
57,0,0.7593563136410818,112,447552.4476,215.0,73.0,28,0,1,0,0,1
58,1,0.6968647107965993,771,1652639.6331,225.0,75.0,33,0,0,1,0,1
59,0,0.7619162120941481,292,406564.31968,190.0,76.0,23,0,0,1,0,1
60,0,0.668671344247689,105,292436.97469,200.0,75.0,29,1,0,0,0,1
61,1,0.6252276041801503,561,4181184.668,250.0,74.0,37,0,0,1,0,1
62,0,0.76234962205898,218,489878.542395,185.0,71.0,27,1,0,0,0,1
63,0,0.7678523653875233,118,1215629.5221,225.0,75.0,29,1,0,0,0,1
64,1,0.8150372825186413,1268,2264727.774011247,200.0,73.0,31,0,0,1,0,1
65,1,0.5936507936507937,280,458234.4427116,190.0,72.0,25,0,0,1,0,1
66,1,0.5584317101164126,900,5665236.049,200.0,73.0,34,0,0,1,0,1
67,1,0.6664363896483132,740,1369399.83075,175.0,70.0,30,0,0,1,0,1
68,0,0.8851217948717949,749,5158729.75984127,185.0,75.0,30,0,0,1,0,1
69,0,0.6118397731300957,110,166730.401499,175.0,72.0,24,1,0,0,0,1
70,1,0.615178944764754,679,4268563.807999999,190.0,72.0,32,0,0,1,0,1
71,0,0.797851333176782,299,451169.18854999996,215.0,72.0,25,0,1,0,0,1
72,1,0.638998793094401,1088,653543.30725,183.0,72.0,36,1,0,0,0,1
73,0,0.7744459152156943,116,171653.54335,170.0,71.0,24,1,0,0,0,1
74,1,0.727891364987892,739,1905770.2485,180.0,72.0,31,0,0,1,0,1
75,0,0.7329280014305832,141,5082053.996,170.0,71.0,32,0,0,1,0,1
76,1,0.7026140313541889,966,19341929.755,210.0,74.0,33,0,0,1,0,1
77,1,0.7586530208941875,2081,1544626.0560908879,190.0,73.0,38,0,0,1,0,1
78,1,0.749364568706564,386,388785.04678000003,180.0,70.0,25,0,1,0,1,0
79,1,0.5984272688329968,739,4233206.58915,190.0,72.0,28,0,0,1,0,1
80,1,0.7944148731003626,2028,1838028.1687199997,180.0,73.0,36,0,0,1,0,1
81,1,0.6708128197843843,979,5775729.6456,170.0,70.0,33,0,0,1,0,1
82,1,0.7732955216826185,1085,6968641.115,200.0,74.0,32,0,0,1,0,1
83,1,0.8165045528015692,1468,17935428.571473412,190.0,73.0,34,0,0,1,0,1
84,1,0.6065339002013873,1488,6062283.7371000005,190.0,73.0,34,0,0,1,0,1
85,1,0.6285957400087835,399,952380.952,195.0,73.0,32,1,0,0,0,1
86,1,0.49356337864528876,532,855310.05,160.0,66.0,31,0,0,1,0,1
87,1,0.7587378933872233,1041,868306.8015000001,210.0,69.0,32,0,0,1,0,1
88,1,0.7488341074859627,1765,10909090.912650002,180.0,73.0,36,0,0,1,0,1
89,1,0.8792533233276157,2643,18000000.0,220.0,71.0,37,0,0,1,0,1
90,1,0.7588689681480069,683,3658949.7471000007,180.0,70.0,30,0,1,0,1,0
91,1,0.7689504373177842,968,985401.4599,150.0,71.0,36,0,0,1,0,1
92,1,0.38488372093023254,342,1234018.89955,195.0,75.0,37,0,0,1,0,1
93,1,0.7031151722692013,627,1133603.2386,185.0,73.0,31,1,0,0,0,1
94,1,0.7043041606886657,218,600333.5187,185.0,71.0,32,0,0,1,0,1
95,1,0.559843137254902,250,328627.8939525001,185.0,74.0,24,0,1,0,0,1
96,1,0.7059463684463685,477,846774.1935625,185.0,73.0,36,0,1,0,1,0
97,1,0.9593969056329767,1618,8537127.615999999,220.0,73.0,35,1,0,0,1,0
98,0,0.7773793668681488,263,515853.6584145,210.0,74.0,28,0,1,0,1,0
99,0,0.817996141420885,682,1270072.99276,150.0,69.0,30,1,0,0,0,1
100,1,0.592442645074224,583,2380952.38,195.0,72.0,28,0,0,1,0,1
101,0,0.8761246078800844,294,1759082.21765,165.0,72.0,31,0,0,1,0,1
102,0,0.6729482780005789,216,1660899.654,205.0,72.0,30,1,0,0,0,1
103,1,0.5822970911938883,668,1512605.0415,200.0,71.0,33,0,0,1,0,1
104,1,0.5951075231836117,905,927038.6261999999,205.0,70.0,31,0,0,1,0,1
105,1,0.7440959006676233,217,1306620.20875,220.0,74.0,31,1,0,0,0,1
106,1,0.7856592610852617,1605,9486166.011000002,215.0,75.0,38,0,0,1,0,1
107,0,0.7676873335869152,139,431974.58966,190.0,76.0,27,0,1,0,0,1
108,1,0.6657160202741814,2800,5962373.3703,185.0,71.0,42,0,0,1,0,1
109,1,0.7271022994548826,1001,6877579.09375,205.0,74.0,37,0,0,1,0,1
110,1,0.7356421356421357,738,6937062.9378,192.0,73.0,29,0,1,0,0,1
111,0,0.8626110390258509,106,860759.4938,195.0,70.0,31,1,0,0,0,1
112,1,0.6200268489138394,793,3900000.0,175.0,71.0,33,0,1,0,1,0
113,1,0.6284878863826233,218,952885.12425,220.0,71.0,33,0,0,1,0,1
114,0,0.7336682759613246,123,350677.1205,190.0,72.0,29,0,0,1,0,1
115,1,0.7674576271186441,1159,6050420.166,170.0,72.0,34,0,0,1,0,1
116,0,0.6630283648498332,227,1566433.5666,200.0,71.0,32,0,0,1,0,1
117,1,0.6887363245302979,390,699386.50305,190.0,74.0,33,0,0,1,0,1
118,1,0.6812713984522427,1102,1398601.3987500002,220.0,75.0,36,1,0,0,0,1
119,1,0.6939032055311125,1357,1253649.635095,195.0,75.0,36,0,1,0,1,0
120,1,0.6586227316949367,380,525261.3239175,225.0,76.0,27,0,1,0,1,0
121,1,0.6109864618192882,216,975609.7561000001,198.0,74.0,34,0,0,1,0,1
122,1,0.7478260869565218,2253,1693251.5337,190.0,74.0,40,0,1,0,0,1
123,0,0.5956212522660717,146,504878.04866100004,215.0,75.0,28,0,1,0,1,0
124,1,1.0447897397952892,2972,17984335.74039594,185.0,73.0,43,0,1,0,1,0
125,0,0.7532378142997612,279,453534.90459999995,210.0,70.0,26,1,0,0,0,1
126,1,0.753604647662623,1581,278745.6446,210.0,75.0,37,1,0,0,0,1
127,0,0.6066720837847599,254,262773.72264,170.0,69.0,30,0,0,1,0,1
128,1,0.6828332880803694,861,1114723.6409999998,190.0,74.0,35,0,0,1,0,1
129,1,0.6748667684314829,2035,1709034.193576871,195.0,74.0,42,0,0,1,0,1
130,1,0.7403446715748776,1583,10164107.992,180.0,70.0,35,0,0,1,0,1
131,0,0.6488783005757395,137,660247.593,195.0,72.0,24,0,1,0,1,0
132,0,0.7218390804597701,108,394047.61889000004,230.0,76.0,28,1,0,0,0,1
133,1,0.65550202920781,506,4152249.1350000002,190.0,74.0,30,0,0,1,0,1
134,1,0.7222935913905706,1391,1304347.826,170.0,71.0,38,0,0,1,0,1
135,0,0.9022002200220022,108,479553.903265,175.0,75.0,29,0,1,0,1,0
136,0,0.788917525773196,815,913494.8097,185.0,75.0,30,0,1,0,1,0
137,1,0.6805095826951096,607,2000000.0,175.0,73.0,29,0,0,1,0,1
138,1,0.6744099471372198,1037,13688212.923,190.0,71.0,32,0,1,0,0,1
139,1,0.774865885479976,492,7832167.833000001,215.0,72.0,31,1,0,0,0,1
140,1,0.7807310138640561,882,2225806.45165,185.0,72.0,30,0,0,1,0,1
141,1,0.5384576391470379,409,844682.4791400001,185.0,71.0,30,0,1,0,0,1
142,1,0.5890353630466625,495,586956.5216999999,180.0,69.0,34,0,1,0,0,1
143,1,0.6747644438954425,276,396774.193555,210.0,75.0,27,0,0,1,0,1
144,1,0.7204988569410629,376,650095.602175,180.0,72.0,29,0,1,0,0,1
145,0,0.6941800206606279,149,228233.305125,180.0,70.0,27,0,0,1,0,1
146,1,0.8593458596059426,707,5949367.089500001,200.0,74.0,28,0,1,0,1,0
147,0,0.8669437999484403,229,1566433.5666,235.0,76.0,34,0,1,0,0,1
148,1,0.7474205193897753,840,2657439.4464000002,215.0,76.0,33,0,1,0,1,0
149,1,0.8146945088940449,654,1267605.6335999998,210.0,74.0,33,0,0,1,0,1
150,1,0.7460200746965453,2605,4567474.0485000005,185.0,72.0,40,0,1,0,0,1
151,0,0.7402338180781294,110,207612.45675,210.0,75.0,27,0,1,0,1,0
152,0,0.6921305260583333,113,444236.5888235,210.0,75.0,24,1,0,0,0,1
153,1,0.5323529411764706,499,181038.062286,175.0,69.0,28,0,1,0,0,1
154,1,0.6916569352536655,876,1446059.6789625,200.0,75.0,33,0,1,0,0,1
155,1,0.7897459201857716,592,4609843.936,205.0,74.0,29,0,1,0,1,0
156,1,0.733287909758498,1252,4082230.835973642,178.0,72.0,35,0,0,1,0,1
157,1,0.6644820529837951,977,710059.1715,165.0,70.0,35,0,0,1,0,1
158,1,0.7894820212260415,906,7114624.508250001,200.0,73.0,35,0,0,1,0,1
159,1,0.7704500063740279,397,448540.70652,220.0,74.0,29,0,1,0,1,0
160,0,0.7903805086390991,127,132042.2535,185.0,71.0,27,0,0,1,0,1
161,0,0.8045992469069392,220,397212.54355500004,175.0,72.0,26,1,0,0,0,1
162,1,0.7316992198306866,254,417767.1067,220.0,75.0,28,0,1,0,1,0
163,0,0.7964830121282604,247,339416.05841,185.0,72.0,25,0,0,1,0,1
164,0,0.6364197530864197,106,277809.14746500005,235.0,72.0,23,0,1,0,0,1
165,1,0.6339934593023255,283,557667.9339,225.0,77.0,27,0,1,0,1,0
166,1,0.6823757922715191,527,1560613.0973999999,195.0,74.0,34,0,0,1,0,1
167,0,0.7903840840011054,744,1052631.5787,140.0,70.0,28,1,0,0,0,1
168,0,0.6124267888973771,111,340188.99393,195.0,71.0,27,0,1,0,0,1
169,1,0.7074850466767286,219,354330.70875,170.0,72.0,30,0,0,1,0,1
170,1,0.7994638113800278,1612,4875267.285,210.0,76.0,32,0,0,1,0,1
171,0,0.5937799808122801,120,668834.1845999999,200.0,72.0,30,0,0,1,0,1
172,0,0.80103668261563,115,423913.04344999994,230.0,76.0,30,0,0,1,0,1
173,1,0.6518601110992416,919,6695278.966999999,245.0,75.0,33,0,0,1,0,1
174,1,0.7326105582130459,2034,1718978.10227,185.0,72.0,37,0,1,0,1,0
175,1,0.7288051181856492,957,4129554.6549,190.0,74.0,33,0,0,1,0,1
176,0,0.7141743522178305,272,1533101.0453,170.0,70.0,30,0,0,1,0,1
177,1,0.8832833832833833,1093,2020905.92335,220.0,75.0,36,0,0,1,0,1
178,1,0.5526515151515152,213,244741.87376,200.0,74.0,28,0,1,0,1,0
179,1,0.6615921232725506,342,480463.09683,180.0,71.0,27,0,0,1,0,1
180,1,0.902579204863915,1587,8893830.351358162,175.0,74.0,38,0,0,1,0,1
181,1,0.7111989238271397,1334,7142857.140000001,190.0,72.0,37,0,1,0,0,1
182,1,0.6816309047891,1428,7832167.833000001,235.0,76.0,33,0,0,1,0,1
183,1,0.713335755937361,276,431974.58966,195.0,73.0,24,0,1,0,0,1
184,0,0.7740166149534582,128,327010.80421000003,180.0,70.0,27,0,0,1,0,1
185,1,0.781629455542499,766,1064516.1290499999,186.0,73.0,31,0,1,0,1,0
186,1,0.713129913588876,1225,6750379.747848,260.0,72.0,29,0,0,1,0,1
187,1,0.6863094608679889,1921,2591856.4489383125,160.0,70.0,40,0,1,0,1,0
188,1,0.7574103440673419,1160,8111533.584,245.0,72.0,37,0,0,1,0,1
189,1,0.8130050742341666,567,5296671.48915,200.0,74.0,31,0,0,1,0,1
190,1,0.6116084496048395,1360,985401.4599,170.0,76.0,37,0,0,1,0,1
191,1,0.6962567843092209,382,1270513.499,205.0,74.0,32,0,0,1,0,1
192,1,0.8004173541431477,1426,14000000.0,210.0,70.0,32,1,0,0,1,0
193,1,0.6568825910931174,1643,2222833.5631,195.0,70.0,36,0,0,1,0,1
194,1,0.7419152276295133,829,1067140.9519999998,225.0,73.0,37,0,0,1,0,1
195,1,0.8483883772626231,593,3903083.699455,220.0,73.0,29,0,0,1,0,1
196,1,0.5800695923250861,561,4942965.77775,225.0,69.0,31,1,0,0,0,1
197,0,0.6557211925866238,126,391304.3478,210.0,73.0,27,0,1,0,1,0
198,1,0.7945625702510304,1714,11188811.190000001,210.0,74.0,36,0,0,1,0,1
199,1,0.8621205855595071,1412,5153374.233,200.0,72.0,35,1,0,0,0,1
200,1,0.5347468130311614,554,1599429.7935000001,160.0,69.0,31,1,0,0,0,1
201,1,0.680321493388644,668,809815.9509,150.0,68.0,35,1,0,0,1,0
202,1,0.9313165940887612,1344,4789915.96475,240.0,76.0,35,0,0,1,0,1
203,1,0.7879916523773445,561,3916083.9165000003,205.0,75.0,27,0,0,1,0,1
204,1,0.7166887669799147,2232,1951672.8621249998,170.0,72.0,40,0,1,0,0,1
205,1,0.6412972502357976,353,401574.80325,155.0,70.0,28,1,0,0,0,1
206,0,0.8326219945938256,324,1181102.3625,170.0,72.0,32,0,0,1,1,0
207,1,0.660417503010839,1094,2874564.4592500003,175.0,70.0,38,0,0,1,0,1
208,0,0.8205178246161853,582,2500000.0,245.0,76.0,30,0,0,1,0,1
209,1,0.6975806451612903,1859,881057.2685,205.0,74.0,37,0,0,1,0,1
210,1,0.6831239481820672,1974,9719626.1695,215.0,75.0,37,0,0,1,0,1
211,1,0.577075720336231,269,396158.46325000003,172.0,73.0,22,0,1,0,0,1
212,0,0.6406200756381972,101,235514.0187225,200.0,72.0,25,1,0,0,0,1
213,1,0.7457585629851171,1122,4630969.608,215.0,76.0,33,0,1,0,0,1
214,0,0.6028039802437433,106,1445121.9508775,170.0,69.0,28,1,0,0,0,1
215,1,0.6711868503746676,490,724570.3666499999,210.0,73.0,27,0,0,1,0,1
216,0,0.6132024574044102,116,190140.84504,162.0,71.0,25,1,0,0,0,1
217,1,0.7324882815078892,1252,6993006.99375,145.0,71.0,34,1,0,0,0,1
218,1,0.7221770737905967,1585,3686635.944,175.0,73.0,38,0,0,1,0,1
219,1,0.7447399427705773,336,3700000.0,220.0,70.0,29,0,0,1,0,1
220,1,0.6549964850989498,224,1270513.499,190.0,71.0,32,0,0,1,0,1
221,1,0.7810359850489816,730,4052098.407,170.0,72.0,33,0,1,0,0,1
222,1,0.5789187227866474,269,1811023.6224999998,170.0,73.0,26,0,0,1,0,1
223,0,0.7341772151898734,113,426168.2243550001,170.0,73.0,29,1,0,0,0,1
224,1,0.698099173553719,688,6358695.651749999,165.0,73.0,29,1,0,0,0,1
225,1,0.6358580508474576,418,1974210.7611999998,195.0,72.0,28,0,0,1,0,1
226,1,0.6650693720426658,498,948387.09679,192.0,71.0,35,0,0,1,0,1
227,1,0.6986762203593562,231,3500000.0,210.0,73.0,30,0,0,1,0,1
228,0,0.8838625589683848,599,27328046.0,220.0,70.0,31,0,0,1,0,1
229,1,0.7236028368794326,1833,3234200.74295,185.0,70.0,37,0,0,1,0,1
230,1,0.6362900715841893,2060,1784386.6167999997,195.0,73.0,37,0,1,0,0,1
231,0,0.699958576019281,101,185022.026385,210.0,74.0,25,0,0,1,0,1
232,1,0.6375881071382801,539,2006502.5537999999,170.0,71.0,30,0,1,0,1,0
233,1,0.8446456891994392,1263,940766.5503,215.0,73.0,35,0,1,0,0,1
234,1,0.7666718823345329,374,2725000.0,190.0,74.0,28,0,1,0,0,1
235,0,0.7891905737704918,133,431950.844772,235.0,77.0,26,0,1,0,1,0
236,0,0.7365901878154102,344,308013.93728300004,175.0,71.0,26,0,0,1,0,1
237,1,0.8128863910076274,246,457308.24879,190.0,73.0,29,0,1,0,1,0
238,1,0.7128393764231915,393,442396.31328,210.0,74.0,27,1,0,0,0,1
239,1,0.7837866482955975,1303,1011904.7615,190.0,74.0,37,0,0,1,0,1
240,1,0.6829481447803794,549,3809523.808,195.0,74.0,33,0,0,1,0,1
241,0,0.8470806302131604,314,672897.1963500001,200.0,74.0,35,0,1,0,0,1
242,1,0.8400554400554401,1658,5110132.1573,175.0,74.0,36,0,0,1,0,1
243,0,0.7676796738210125,404,1146020.76126,200.0,76.0,30,0,0,1,0,1
244,0,0.8409313725490196,102,203460.20761500002,180.0,72.0,25,0,0,1,0,1
245,1,0.8215162988272231,1059,1197105.643668,205.0,80.0,35,1,0,0,0,1
246,1,0.8908680153486366,1769,8558422.08567561,190.0,74.0,34,0,1,0,1,0
247,1,0.6702905208141933,1645,1658986.1748,175.0,72.0,35,0,0,1,0,1
248,1,0.7838192683810213,401,2536708.86114,195.0,72.0,30,0,1,0,0,1
249,0,0.9279911577783918,395,1400696.864115,190.0,72.0,31,0,0,1,0,1
250,0,0.7778985507246376,353,607287.4492500001,170.0,74.0,29,0,1,0,1,0
251,1,0.6255949105582748,982,5364372.468375,170.0,72.0,33,1,0,0,0,1
252,1,0.6530991701720215,288,1083870.96776,185.0,73.0,27,0,0,1,0,1
253,1,0.6698267006689733,1081,1532846.7154,175.0,71.0,34,1,0,0,1,0
254,0,0.6548127149955408,110,259141.104288,170.0,70.0,25,0,0,1,0,1
255,0,0.8575289575289575,271,502787.45632700005,210.0,75.0,27,0,1,0,1,0
256,1,0.760931899641577,2225,676056.33792,155.0,74.0,39,0,0,1,0,1
257,0,0.5004158082745847,131,557620.8177499999,160.0,66.0,28,0,0,1,0,1
258,1,0.7258542637138478,1740,2023809.523,205.0,73.0,40,0,0,1,0,1
259,0,0.8108789091448051,103,440165.062,190.0,70.0,30,1,0,0,0,1
260,1,0.7057469899193848,655,1490683.2303000002,195.0,71.0,35,0,0,1,0,1
261,1,0.682217536461079,1777,1329902.189843084,165.0,74.0,37,0,1,0,1,0
262,1,0.63376445715707,501,2401574.80375,200.0,75.0,28,0,1,0,0,1
263,1,0.7446536932412638,644,1651667.5487,200.0,72.0,29,0,1,0,0,1
264,1,0.7476013526798002,697,2503067.4846,150.0,67.0,33,1,0,0,0,1
265,1,0.5701683637463455,321,490706.31961999997,175.0,71.0,32,0,1,0,1,0
266,1,0.8031998209890356,649,782608.6956,185.0,74.0,32,0,0,1,0,1
267,1,0.7593510455567045,881,3335186.215,200.0,72.0,33,0,0,1,0,1
268,1,0.6472898836954136,473,1496792.5875000001,178.0,74.0,31,0,0,1,0,1
269,1,0.5031497165255128,1326,1493997.3328,180.0,72.0,41,0,1,0,0,1
270,1,0.7613890352710291,1437,892193.3083999999,197.0,73.0,34,0,0,1,0,1
271,0,0.6837430610626487,106,513054.499188,190.0,69.0,28,0,0,1,1,0
272,1,0.7266023470999774,372,373540.85608,225.0,76.0,28,0,1,0,1,0
273,1,0.829694689584761,253,1802575.1064999998,215.0,74.0,29,0,0,1,0,1
274,1,0.7673248161053039,1523,20532319.3845,230.0,74.0,33,0,1,0,1,0
275,0,0.8280403031519775,577,3184523.8082500002,195.0,75.0,28,0,0,1,0,1
276,1,0.6981022052586938,1267,11000000.0,185.0,70.0,37,1,0,0,0,1
277,0,0.5855072463768116,105,176377.9528,165.0,74.0,28,0,0,1,0,1
278,0,0.7918869002390447,229,525000.0,235.0,76.0,26,0,0,1,0,1
279,1,0.6447886319043938,296,3957268.9255499993,210.0,75.0,28,0,0,1,0,1
280,0,0.7335867499321205,110,614439.324,175.0,72.0,32,0,1,0,1,0
281,1,0.7069306930693069,2226,1595070.4222799998,170.0,72.0,40,0,1,0,1,0
282,1,0.7658325942511522,954,3176283.7475,190.0,72.0,30,1,0,0,0,1
283,1,0.6993248486729784,1332,8607594.938000001,220.0,74.0,36,0,0,1,0,1
284,1,0.766965703397904,912,2787456.446,175.0,70.0,32,0,0,1,0,1
285,0,0.6720480977725212,154,176211.45369999998,175.0,70.0,23,1,0,0,0,1
286,1,0.7431071685447135,2379,5602489.998,205.0,74.0,38,0,1,0,1,0
287,1,0.7340629353203345,515,3568281.937425,195.0,71.0,28,0,1,0,0,1
288,0,0.7120187332085847,105,291360.81319500005,205.0,75.0,25,0,1,0,0,1
289,1,0.6148739164696612,370,410548.824,150.0,67.0,28,1,0,0,1,0
290,1,0.8117900509204856,511,3101723.17995,201.0,73.0,30,0,1,0,0,1
291,0,0.782664879869819,125,192807.957195,188.0,72.0,30,1,0,0,1,0
292,1,0.8748176193554345,566,4096886.3668332184,195.0,74.0,31,0,1,0,0,1
293,1,0.6581260364842454,339,1136712.7494,185.0,72.0,32,1,0,0,0,1
294,1,0.6347402597402598,1166,3039647.576325,195.0,73.0,31,0,1,0,0,1
295,0,0.6942857142857143,138,318464.14465500007,195.0,76.0,24,1,0,0,0,1
296,1,0.8118041440402877,2393,6242496.51647459,195.0,75.0,39,1,0,0,0,1
297,1,0.9696536826701971,1022,3680981.595,165.0,74.0,36,0,0,1,0,1
298,1,0.7599790334894427,725,5841767.6415,205.0,75.0,31,0,0,1,0,1
299,1,0.7205454599976011,537,3548795.943,220.0,76.0,27,0,1,0,1,0
300,1,0.7488028114621148,846,2130280.985574648,192.0,76.0,31,0,0,1,0,1
301,1,0.530202893192217,805,2003381.2338750002,175.0,74.0,29,0,1,0,1,0
302,1,0.6933332144322175,999,5250000.0,195.0,70.0,36,0,0,1,0,1
303,1,0.7387945270110875,384,3385354.1405,170.0,72.0,30,0,0,1,0,1
304,1,0.738415701852965,2407,8096885.813250001,180.0,75.0,39,0,0,1,0,1
305,1,0.6175053017158281,536,5750000.0,195.0,72.0,32,0,1,0,1,0
306,1,0.7278496889424042,1378,2218309.8587999996,190.0,74.0,37,0,0,1,0,1
307,0,0.884127362777172,911,3449751.1052067,210.0,75.0,32,0,0,1,0,1
308,1,0.7531620553359684,956,4442508.70975,190.0,71.0,33,0,1,0,1,0
309,0,0.6234205140722104,104,517000.0,200.0,71.0,29,0,0,1,0,1
310,1,0.871164328129723,1927,17835578.255999997,215.0,75.0,36,0,1,0,0,1
311,1,0.7114285714285714,719,4180213.6537499996,180.0,70.0,35,0,1,0,1,0
312,1,0.6885382262996942,995,968027.737271452,190.0,72.0,37,0,0,1,0,1
313,1,0.6914188020103815,488,2632911.3928,195.0,72.0,35,0,0,1,0,1
314,1,0.4393939393939394,723,774193.5484,160.0,72.0,32,0,0,1,0,1
315,0,0.8568226365783786,655,5294937.294749999,215.0,73.0,33,0,0,1,0,1
316,0,0.8126002673796792,1237,5866653.658551252,170.0,73.0,31,0,1,0,0,1
317,1,0.7817028064992615,1062,8000000.0,215.0,75.0,31,0,0,1,0,1
318,0,0.7298747664997624,153,3321799.308,210.0,76.0,31,1,0,0,0,1
319,1,0.6545543425126283,793,1376673.0399,195.0,72.0,33,0,0,1,0,1
320,1,0.717570227232063,238,490884.83791999996,195.0,71.0,26,0,1,0,0,1
321,0,0.6190476190476191,103,314960.63,175.0,71.0,27,1,0,0,0,1
322,1,0.7217511958788176,554,1742957.7461999997,185.0,71.0,34,0,0,1,0,1
323,1,0.6354350123282846,456,2396739.130275,165.0,70.0,31,0,0,1,0,1
324,0,0.8783468104222821,384,1384615.3847625002,215.0,72.0,31,0,0,1,0,1
325,0,0.8158676907683706,103,190140.84504,195.0,74.0,27,0,0,1,0,1
326,0,0.6859950650897644,131,520171.67358999996,195.0,72.0,27,0,1,0,1,0
327,0,0.7055097079067219,856,4122699.3864,170.0,73.0,31,0,0,1,0,1
328,1,0.6029488455885839,638,1648068.6687999999,205.0,73.0,35,0,1,0,0,1
329,1,0.5859855811499912,309,517211.6601498,220.0,74.0,25,0,0,1,0,1
330,1,0.6910005647107141,1382,4846756.3797933,175.0,71.0,34,1,0,0,0,1
331,1,0.7100026827118384,509,3605150.2129999995,220.0,73.0,32,1,0,0,0,1
332,1,0.8347746163682864,2022,1625089.095,170.0,70.0,42,0,0,1,0,1
333,0,0.8644347865453393,106,449266.34079199994,190.0,73.0,27,0,0,1,0,1
334,1,0.7925421858476251,1299,15405777.17,200.0,73.0,35,0,1,0,0,1
335,1,0.6524274594807626,843,5063291.140000001,220.0,72.0,32,0,1,0,0,1
336,0,0.8460258693410816,104,576230.492,175.0,74.0,34,0,1,0,0,1
337,0,0.8381851349383369,409,4253164.5576,255.0,76.0,29,0,1,0,0,1
338,0,0.7620004005378651,149,515443.03805200005,170.0,74.0,24,0,0,1,0,1
339,0,0.7293956043956045,107,464895.1049445,225.0,74.0,25,0,0,1,0,1
340,0,0.8341666666666667,127,463096.9608,210.0,77.0,26,0,1,0,0,1
341,0,0.8518072289156626,751,1292543.020795,160.0,72.0,33,0,0,1,0,1
342,1,0.7727367721098128,1866,15209125.47,285.0,78.0,35,0,1,0,0,1
343,1,0.7100403638243349,972,3476635.5144750006,175.0,73.0,34,0,0,1,0,1
344,0,0.6721233296185858,116,253251.533736,190.0,73.0,23,0,1,0,1,0
345,0,0.9186986639942036,296,2668078.3479,240.0,75.0,30,0,1,0,1,0
346,1,0.8600894494138563,710,2499999.2953746477,185.0,73.0,30,0,1,0,1,0
347,1,0.6381269592476488,1697,8104196.814,170.0,68.0,36,1,0,0,0,1
348,0,0.7520828073718758,101,836431.2266249999,165.0,70.0,35,0,1,0,1,0
349,1,0.793001572446852,1307,12867132.868500002,210.0,76.0,35,0,0,1,0,1
350,0,0.9023864695644404,715,5093426.159233218,160.0,70.0,30,0,1,0,1,0
351,1,0.6919922949917445,1064,1058987.45895,155.0,71.0,39,0,0,1,0,1
352,1,0.8111119447779112,846,1441605.109556326,190.0,72.0,36,0,1,0,0,1
353,1,0.7900554912279485,433,2750000.0,185.0,68.0,28,0,1,0,1,0
354,0,0.8628073745068361,102,316926.7706,215.0,76.0,28,0,0,1,0,1
355,1,0.6466251885369533,1217,1100412.655,170.0,66.0,35,0,0,1,0,1
356,1,0.7279231001105269,1647,11070958.02882108,190.0,73.0,37,0,1,0,1,0
357,1,0.7165258469990843,1143,2093457.9442000003,180.0,71.0,38,0,1,0,1,0
358,1,0.6816701316701317,248,2060085.836,225.0,74.0,32,0,0,1,0,1
359,0,0.676584928229665,131,388940.092092,180.0,70.0,27,0,0,1,0,1
360,1,0.6738240710965592,1132,5407725.319499999,190.0,70.0,36,0,0,1,0,1
361,0,0.7793773016404419,572,413001.91197,180.0,74.0,32,0,0,1,0,1
362,1,0.7600299522748392,843,4166666.665,160.0,74.0,30,0,0,1,0,1
363,1,0.858491895701198,535,4523809.522,210.0,74.0,31,0,0,1,0,1
364,1,0.5968145847941501,1403,1958041.9582500001,195.0,74.0,35,0,1,0,1,0
365,0,0.8554502369668247,616,1103225.80647,200.0,75.0,29,0,0,1,0,1
366,1,0.7453255963894262,1116,7000000.0,215.0,74.0,34,0,0,1,0,1
367,0,0.6784099550639474,573,830449.827,170.0,72.0,31,0,0,1,0,1
368,1,0.6843042831414925,707,2875000.0,205.0,72.0,29,1,0,0,0,1
369,0,0.6497299950908199,377,427655.025,195.0,75.0,29,1,0,0,0,1
370,0,0.8255681449707706,106,292682.92683,200.0,73.0,26,0,0,1,0,1
371,1,0.6986112604204333,474,3936324.1668000002,209.0,71.0,31,1,0,0,0,1
372,1,0.8523680841985493,1417,18227848.104000002,210.0,74.0,33,0,1,0,1,0
373,1,0.7086542315925936,216,1296518.607,180.0,74.0,32,0,0,1,0,1
374,1,0.6584780365235339,2438,803225.806465,200.0,74.0,42,0,1,0,0,1
375,1,0.771070460704607,2515,1409691.6295999999,180.0,74.0,40,0,0,1,0,1
376,1,0.6126376811594203,652,1118881.1190000002,180.0,72.0,32,0,0,1,0,1
377,1,0.7454799835839272,978,4915514.592,181.0,72.0,34,1,0,0,0,1
378,1,0.6834179465758413,242,1033907.72665,170.0,71.0,26,0,0,1,0,1
379,1,0.530586229424606,732,1411764.7059,160.0,68.0,32,1,0,0,0,1
380,1,0.6508240460144168,376,1094796.864,170.0,72.0,25,1,0,0,0,1
381,1,0.6943930923783694,901,5594405.595000001,210.0,73.0,34,0,0,1,0,1
382,0,0.7182930942131053,674,1619433.198,160.0,71.0,31,0,0,1,0,1
383,0,0.8765678694158076,1837,3241296.5175,165.0,74.0,37,1,0,0,0,1
384,1,0.6136594370096908,516,984081.0417000001,189.0,73.0,33,0,1,0,0,1
385,1,0.7574241146963692,1085,4122699.3864,230.0,75.0,35,0,0,1,0,1
386,1,0.7574241146963692,1085,250306.74846,230.0,75.0,35,0,0,1,0,1
387,1,0.8413616472344041,1441,24303797.472000003,275.0,71.0,31,0,1,0,0,1
388,1,0.6457938259330214,1011,9353507.567499999,180.0,68.0,32,1,0,0,0,1
389,1,0.7144498791914667,2307,8333333.33,175.0,74.0,41,0,1,0,1,0
390,1,0.71244467586566,2002,2202643.17125,200.0,75.0,44,0,0,1,0,1
391,0,0.7580506110857548,438,964039.785975,185.0,72.0,30,0,0,1,0,1
392,1,0.6713075946895743,467,4107888.50175243,195.0,73.0,33,0,0,1,0,1
393,0,0.643897776088634,102,519645.120225,220.0,75.0,28,0,1,0,0,1
394,1,0.5859213250517599,488,690141.5491853519,175.0,71.0,30,0,1,0,0,1
395,1,0.6277016678012253,865,4776962.169825001,195.0,74.0,35,0,1,0,0,1
396,1,0.7430357142857142,1220,1370242.2145500001,168.0,71.0,35,0,0,1,0,1
397,0,0.554750470413121,104,508800.0,190.0,70.0,24,0,1,0,1,0
398,0,0.6112039522177771,134,509871.24441,185.0,74.0,27,1,0,0,0,1
399,1,0.6517600922333773,239,2708860.7599,260.0,76.0,29,0,0,1,0,1
400,1,0.7946566230562531,1019,3473227.2060000002,220.0,77.0,35,0,1,0,0,1
401,1,0.6604839968774395,461,619354.83872,175.0,73.0,30,0,1,0,0,1
402,1,0.6773738153871476,254,481118.88117000007,165.0,69.0,29,0,1,0,0,1
403,0,0.4998858916427039,103,267686.424425,155.0,66.0,25,1,0,0,0,1
404,0,0.5868690403289301,108,214838.709681,150.0,70.0,29,0,1,0,0,1
405,1,0.5993673867689615,405,505952.38075,200.0,72.0,30,0,0,1,0,1
406,1,0.6815004659832247,213,4565217.391,185.0,73.0,33,0,0,1,0,1
407,1,0.7915261974996488,1760,4333510.036445247,180.0,73.0,37,0,0,1,0,1
408,1,0.6713615023474178,385,933852.1402,205.0,76.0,31,0,1,0,0,1
409,1,0.7182296231375986,1023,962025.3166,225.0,76.0,31,0,0,1,0,1
410,1,0.7991286253088828,2180,1228878.648,160.0,72.0,47,0,0,1,0,1
411,1,0.6500659965478729,550,1043478.2607999999,200.0,74.0,34,0,1,0,0,1
412,1,0.5607410362097238,329,475352.11259999993,190.0,73.0,28,0,1,0,1,0
413,1,0.6082362082362083,333,912547.5282000001,190.0,72.0,32,0,0,1,0,1
414,0,0.6890121744490676,112,181038.062286,175.0,74.0,28,1,0,0,0,1
415,1,0.7666624187587614,750,8250000.0,220.0,75.0,30,0,0,1,0,1
416,0,0.7621399525584547,378,1547619.047,185.0,70.0,30,0,0,1,0,1
417,0,0.7854410441044104,232,1345794.3927000002,180.0,69.0,31,0,0,1,0,1
418,1,0.6416976985707155,1449,7770983.88095,180.0,73.0,33,0,0,1,0,1
419,0,0.8094395048128623,426,15405777.17,200.0,72.0,33,0,1,0,0,1
420,1,0.5686452439414967,344,1772151.899,180.0,69.0,34,0,1,0,1,0
421,1,0.8884622684205148,549,5336297.944,185.0,73.0,27,0,1,0,0,1
422,1,0.6710070067197551,1306,6794425.0855,195.0,68.0,35,1,0,0,0,1
423,1,0.599025974025974,2173,2881152.46,180.0,72.0,41,0,0,1,0,1
424,1,0.6522674212946586,1786,4485981.309,185.0,71.0,36,0,0,1,0,1
425,1,0.8405064244127685,2010,652173.913,235.0,75.0,42,0,0,1,0,1
426,1,0.6339843220847998,262,154838.70968,180.0,72.0,29,0,0,1,0,1
427,0,0.7755470336115498,680,2615916.95505,160.0,68.0,33,0,0,1,0,1
428,1,0.5902777777777778,1479,1967213.115,180.0,72.0,39,0,1,0,0,1
429,1,0.8267413209767579,1503,667037.243,172.0,72.0,37,0,0,1,0,1
430,0,0.7174029379498568,134,508750.0,205.0,69.0,31,0,0,1,0,1
431,1,0.5619407008086252,449,3813084.1126500005,185.0,73.0,30,0,0,1,0,1
432,1,0.6813063063063063,838,1729927.00738,165.0,73.0,29,0,0,1,0,1
433,0,0.6412683870310989,113,276073.619625,210.0,72.0,23,0,1,0,1,0
434,1,0.6995558786333808,1126,9860141.241886195,165.0,72.0,34,0,0,1,0,1
435,0,0.6934644683980593,140,185190.31142100002,165.0,71.0,29,0,1,0,0,1
436,1,0.7503991962251287,279,468295.4015840999,225.0,74.0,27,0,0,1,0,1
437,1,0.7438657226247802,1606,1313868.6132,175.0,70.0,37,0,0,1,0,1
438,1,0.6917869703155358,1991,2737226.2775,192.0,70.0,38,0,0,1,0,1
439,1,0.6683576531387749,492,612244.89775,180.0,73.0,29,1,0,0,0,1
440,0,0.5838768435278219,105,475986.994707,175.0,70.0,27,0,1,0,0,1
441,0,0.8264672521777335,494,3300000.0,270.0,76.0,30,0,0,1,0,1
442,1,0.739203054163684,412,1423357.6643,210.0,72.0,27,0,1,0,0,1
443,0,0.7594182984083362,228,516051.50191799994,190.0,74.0,30,0,0,1,0,1
444,0,0.584169006551678,110,330527.92662,205.0,75.0,29,0,0,1,0,1
445,0,0.5995668137034786,103,168385.46067,190.0,72.0,27,0,0,1,0,1
446,1,0.7273139745916515,227,489725.036046,195.0,69.0,29,0,0,1,0,1
447,1,0.7393503595338458,261,413679.1952744,190.0,72.0,27,0,1,0,1,0
448,1,0.6000951173113507,225,472743.44173599995,185.0,72.0,28,0,1,0,0,1
449,1,0.8756347335471654,1633,26116381.96854701,240.0,75.0,37,0,1,0,0,1
450,0,0.8410438617985788,228,382834.55687250005,185.0,72.0,27,0,1,0,1,0
451,0,0.693734356039744,129,522784.81020500005,185.0,68.0,28,0,0,1,0,1
452,0,0.8329957592252675,435,3195084.4848,195.0,72.0,28,0,1,0,1,0
453,1,0.7687661918868399,1076,1826989.6194,215.0,75.0,36,0,1,0,1,0
454,0,0.8066332218506131,454,474308.30055000004,210.0,74.0,29,0,0,1,0,1
455,1,0.8543340629597262,1700,10775661.119850906,195.0,71.0,37,0,1,0,1,0
456,1,0.6209219858156028,656,3762662.8065,180.0,68.0,29,0,0,1,0,1
457,0,0.6322221630544758,125,266814.8972,240.0,75.0,27,0,0,1,0,1
458,1,0.7552722453712553,792,5757009.346550001,170.0,72.0,31,0,0,1,0,1
459,0,0.8118381217915733,240,487029.751112167,190.0,70.0,28,0,0,1,0,1
460,1,0.7138077670836682,600,2787456.446,195.0,71.0,36,0,0,1,0,1
461,1,0.6612789063903062,1002,1796151.105,180.0,71.0,35,0,0,1,0,1
462,1,0.6356372939646857,899,5336297.944,170.0,74.0,32,0,0,1,0,1
463,1,0.7441707371002433,1326,1925722.14625,220.0,77.0,34,0,0,1,0,1
464,1,0.7294573643410853,459,2125874.1261,190.0,73.0,33,0,1,0,1,0
465,1,0.7705443463640185,589,5150214.59,230.0,73.0,33,0,0,1,0,1
466,1,0.6829394514404002,657,952885.12425,183.0,73.0,33,0,0,1,0,1
467,1,0.7752788491608464,391,841300.19105,180.0,72.0,30,0,0,1,0,1
468,1,0.7839902765725475,1709,21000000.0,215.0,74.0,34,0,1,0,1,0
469,1,0.7325767660131308,1240,2150537.634,180.0,72.0,32,0,0,1,0,1
470,1,0.6422894917458368,1199,2667852.38,210.0,73.0,34,0,0,1,0,1
471,1,0.5390399074609601,321,640284.5712,195.0,70.0,28,0,0,1,0,1
472,0,0.6844142358161049,106,275439.93885000004,190.0,74.0,26,0,0,1,0,1
473,1,0.9599734630694383,1364,13551665.730000002,175.0,75.0,32,0,0,1,0,1
474,1,0.74940704873188,2446,2229447.2819999997,180.0,74.0,41,0,1,0,0,1
475,1,0.7533555896005304,230,398156.681952,170.0,71.0,26,0,0,1,0,1
476,1,0.665656215048787,222,1245674.7405,180.0,75.0,33,0,0,1,0,1
477,0,0.6206761006289307,119,306257.668704,180.0,71.0,26,0,1,0,1,0
478,1,0.6218379691048501,644,4630152.909472192,165.0,73.0,33,0,1,0,0,1
479,0,0.6878358252258177,140,521518.98742,190.0,73.0,25,0,1,0,1,0
480,0,0.691711229946524,122,513900.0,200.0,73.0,28,0,0,1,0,1
481,0,0.6783778901734103,113,382424.563199,200.0,75.0,28,0,1,0,0,1
482,1,0.7364807529121346,2179,4002223.458,190.0,74.0,38,0,1,0,1,0
483,1,0.5936555560422233,209,283435.58281500003,175.0,73.0,26,0,0,1,0,1
484,1,0.6728959025470653,209,611042.9447700001,160.0,68.0,34,0,0,1,0,1
485,1,0.6478792143816774,378,613382.8995249999,170.0,75.0,25,0,0,1,0,1
486,1,0.5993789008611521,639,5016256.3845,210.0,71.0,29,0,0,1,0,1
487,1,0.8080308880308881,1000,5669291.34,170.0,72.0,32,0,1,0,0,1
488,1,0.6688736250767124,215,615384.61545,190.0,71.0,31,0,0,1,0,1
489,1,0.7822315148513943,1900,10998552.819,190.0,76.0,35,0,1,0,1,0
490,1,0.6536340407059915,482,550522.648085,180.0,71.0,29,0,1,0,0,1
491,1,0.8368743066527717,834,5017421.6028,190.0,72.0,31,0,1,0,1,0
492,0,0.710960419371904,226,284621.270145,190.0,73.0,27,0,1,0,1,0
493,1,0.726847302513748,1721,1561338.2896999998,180.0,74.0,36,0,0,1,0,1
494,1,0.7781662781662781,859,889359.4493,200.0,76.0,28,0,1,0,0,1
495,1,0.5571428571428572,1727,1585903.0833,160.0,71.0,34,1,0,0,0,1
496,1,0.7695934752134573,1559,619354.83872,190.0,71.0,39,0,1,0,1,0
497,1,0.7346412594338012,2319,2237762.2380000004,195.0,75.0,40,0,1,0,1,0
498,1,0.7730256180622658,1997,2699841.185375,190.0,71.0,37,0,0,1,0,1
499,1,0.6012672423460805,464,825309.49125,200.0,75.0,31,0,1,0,0,1
500,1,0.7484451870416782,1374,887323.9435199999,160.0,70.0,35,0,1,0,1,0
501,1,0.7927844264162184,1011,1078066.170822243,210.0,74.0,33,0,1,0,0,1
502,1,0.627017937219731,814,6215252.4597933,180.0,72.0,30,0,0,1,0,1
503,1,0.7717275774670918,1476,4630969.608,185.0,73.0,37,0,0,1,0,1
504,0,0.6946595195552908,106,6582278.482000001,220.0,73.0,29,0,0,1,0,1
505,1,0.686926924145596,1156,4023496.034226358,176.0,71.0,35,0,0,1,0,1
506,1,0.7333192593039387,1948,8122495.33480516,235.0,75.0,36,0,0,1,0,1
507,1,0.6380772005772006,370,1149825.783975,145.0,71.0,26,1,0,0,0,1
508,1,0.8114843062481667,936,13376683.691999998,215.0,73.0,33,1,0,0,0,1
509,1,0.742794073457689,1109,13204951.86,165.0,71.0,34,0,0,1,0,1
510,1,0.6119284923271634,1631,6728971.963500001,150.0,71.0,33,0,1,0,0,1
511,1,0.6657063593683312,439,2544704.2646875,200.0,74.0,27,0,0,1,0,1
512,1,0.5227272727272727,254,289962.82522999996,175.0,71.0,25,0,0,1,0,1
513,1,0.7461671039769511,648,4607566.348200001,175.0,73.0,31,0,0,1,0,1
514,0,0.771289345865136,128,522329.1140024,200.0,74.0,29,0,0,1,0,1
515,1,0.6958414374363249,1256,8951048.952000001,180.0,72.0,31,1,0,0,0,1
516,1,0.6750021906764809,246,518317.59633759997,200.0,73.0,29,0,0,1,0,1
517,0,0.7402627665949089,204,838754.32527,200.0,72.0,29,0,1,0,1,0
518,1,0.8580515640513676,2193,6338535.4120000005,185.0,71.0,39,0,1,0,1,0
519,1,0.5697999297999299,475,888501.74195,190.0,72.0,30,0,1,0,0,1
520,1,0.823953823953824,676,12654745.532499999,240.0,75.0,33,0,1,0,0,1
521,1,0.7522705314009661,317,343066.423373674,170.0,70.0,34,1,0,0,0,1
522,1,0.6522171856523453,514,2338376.8918749997,195.0,70.0,34,0,0,1,0,1
523,0,0.8029737547152207,451,1149825.7837,200.0,72.0,32,0,0,1,0,1
524,1,0.7721848225214198,804,9381017.883875,210.0,72.0,31,0,0,1,0,1
525,1,0.7391058556198398,1063,2223806.13,185.0,72.0,32,0,1,0,1,0
526,0,0.6832729468599035,384,2396313.3636,255.0,74.0,30,0,0,1,0,1
527,1,0.610897435897436,477,2804347.8258999996,160.0,70.0,34,0,0,1,0,1
528,1,0.6992903119326621,320,662576.6871,240.0,73.0,31,0,1,0,1,0
529,1,0.7189458807880955,770,2616822.43025,180.0,73.0,33,0,1,0,0,1
530,0,0.6498342800035422,262,290322.58065,190.0,75.0,25,0,0,1,0,1
531,1,0.7388954402515724,709,17922746.773199998,240.0,76.0,32,0,1,0,1,0
532,1,0.7293450042099354,491,10005558.645,195.0,72.0,31,0,0,1,0,1
533,0,0.7026620479804708,112,1358885.0171,225.0,72.0,32,0,0,1,0,1
534,1,0.6537662537508656,358,1186411.1495450002,210.0,74.0,32,0,1,0,0,1
535,1,0.6918238993710691,344,717391.3043,180.0,72.0,35,0,1,0,0,1
536,1,0.7163318925332656,1453,12209424.0,200.0,73.0,34,0,0,1,0,1
537,1,0.7224830464267084,1420,1022304.0890472429,195.0,72.0,36,0,1,0,1,0
538,1,0.771823240804768,670,3986159.1696,195.0,74.0,34,0,0,1,0,1
539,1,0.7224191601550092,244,930656.93435,195.0,76.0,31,0,0,1,0,1
540,1,0.8204881181759794,1964,1449814.12615,175.0,72.0,37,0,0,1,0,1
541,1,0.6720533538540464,390,521510.48956590006,200.0,73.0,29,0,0,1,0,1
542,0,0.7663076996062432,1102,1467481.9346,195.0,70.0,38,0,1,0,0,1
543,1,0.6677304964539007,781,853712.7616,195.0,69.0,33,0,1,0,0,1
544,1,0.8409884054643554,836,9756097.210234612,240.0,78.0,30,0,0,1,0,1
545,0,0.7591093117408907,255,403388.0359325,240.0,74.0,26,0,0,1,0,1
546,1,0.6916254725210818,467,608622.147,200.0,74.0,35,0,1,0,0,1
547,1,0.7353594752561556,934,1660899.654,175.0,69.0,33,0,0,1,0,1
548,1,0.7353594752561556,934,664359.8616000001,175.0,69.0,33,0,0,1,0,1
549,1,0.7565457050987597,590,132042.2535,200.0,74.0,32,0,0,1,0,1
550,0,0.867914979757085,1052,1736613.6030000001,192.0,73.0,38,0,1,0,0,1
551,1,0.903315817344902,686,6153846.1545,190.0,74.0,30,0,1,0,1,0
552,1,0.7181965375513762,1207,418118.46690000006,190.0,72.0,35,0,0,1,0,1
553,1,0.7882762312633833,1281,3672532.518,185.0,77.0,32,0,1,0,0,1
554,0,0.7754545454545454,114,507500.0,190.0,75.0,29,0,1,0,0,1
555,1,0.6970925470925471,623,1101759.7554000001,180.0,71.0,35,0,0,1,0,1
556,1,0.5935924293866937,579,2625000.0,195.0,72.0,27,0,0,1,0,1
557,0,0.7559322033898306,228,706451.612915,185.0,71.0,32,0,1,0,1,0
558,1,0.6434879406307978,359,1784537.38848,220.0,73.0,30,0,0,1,0,1
559,1,0.6461082608576367,758,1045392.0222499999,230.0,76.0,34,0,0,1,0,1
560,1,0.7376534415354981,2060,6360515.018649999,220.0,74.0,40,0,1,0,1,0
561,1,0.701583087268306,1277,3737024.2215,210.0,74.0,35,0,0,1,0,1
562,1,0.7165148806990667,2181,406549.97190000006,180.0,70.0,43,0,0,1,1,0
563,1,0.8057666038225764,1693,2056933.576738326,195.0,75.0,37,0,0,1,0,1
564,1,0.7398772307122612,394,2517482.51775,220.0,75.0,25,0,1,0,0,1
565,0,0.6737871241468364,129,1030674.8466,185.0,71.0,31,0,0,1,0,1
566,0,0.8337653411880216,829,4446914.508641838,180.0,73.0,33,0,0,1,0,1
567,1,0.8133347781821114,1647,3802816.9007999995,180.0,72.0,34,0,1,0,1,0
568,1,0.714347911455621,1049,8360427.307499999,220.0,72.0,32,0,0,1,0,1
569,1,0.6952855928791877,1215,1505474.452625,190.0,75.0,33,0,0,1,0,1
570,0,0.6118356101480886,104,447132.05888799997,180.0,69.0,27,1,0,0,0,1
571,1,0.6715589671503842,1105,1514919.663675,175.0,72.0,34,1,0,0,0,1
572,0,0.616946992864424,123,574000.0,202.0,73.0,27,1,0,0,0,1
573,1,0.9565998204130499,662,11086956.521,220.0,75.0,28,0,0,1,0,1
574,1,0.7418900216041048,1352,11244044.46615,180.0,71.0,34,0,1,0,0,1
575,1,0.6396654870620604,1225,12151898.736000001,200.0,71.0,33,0,0,1,0,1
576,0,0.6924392526380329,126,400211.752185,175.0,70.0,26,1,0,0,0,1
577,1,0.7921306084096782,595,4755760.36776,200.0,73.0,30,0,0,1,0,1
578,1,0.7314023387967876,362,2542056.0751000005,210.0,75.0,32,0,0,1,0,1
579,0,0.6375425870974832,120,250306.74846,195.0,73.0,24,0,0,1,0,1
580,1,0.7131484334874165,958,1440640.2851999998,235.0,74.0,34,0,1,0,0,1
581,1,0.63342175066313,709,1467481.9346,180.0,70.0,32,1,0,0,0,1
582,0,0.7269613222920616,105,455944.05599250004,215.0,75.0,29,0,1,0,1,0
583,1,0.8304514742014741,474,5124282.98185,195.0,72.0,31,0,0,1,0,1
584,1,0.6890977637762743,362,1105990.7832,193.0,74.0,32,0,1,0,1,0
585,1,0.722564367450731,670,2797546.0122,195.0,73.0,32,1,0,0,0,1
586,1,0.6925452364545849,241,412142.856978,180.0,71.0,32,0,0,1,1,0
587,0,0.7273694770358092,235,537215.1899540001,180.0,68.0,27,0,1,0,0,1
588,0,0.6229186537675433,106,508000.0,190.0,70.0,27,0,0,1,0,1
589,1,0.8075818055310493,760,3941605.8396,195.0,73.0,29,0,0,1,0,1
590,0,0.8275441378949753,121,308370.043975,215.0,77.0,28,0,1,0,1,0
591,0,0.7853165504655842,101,1163763.066205,210.0,74.0,29,0,1,0,0,1
592,0,0.5953601953601955,143,917782.0266,165.0,72.0,29,1,0,0,0,1
593,1,0.6757481940144479,564,1121495.32725,200.0,74.0,33,1,0,0,0,1
594,1,0.696280561817236,541,1198163.7339975,180.0,72.0,29,0,1,0,0,1
595,1,0.8236743415314844,1642,5148788.9274,200.0,76.0,33,0,1,0,0,1
596,1,0.674473403819359,1061,862214.70825,150.0,69.0,31,0,0,1,0,1
597,0,0.5694527165640924,101,528634.3611,180.0,73.0,31,0,0,1,0,1
598,1,0.6806771162656551,1205,4268563.807999999,190.0,72.0,34,1,0,0,0,1
599,1,0.6761409405984904,1419,10671409.52,225.0,76.0,35,0,1,0,0,1
600,1,0.6389194139194139,291,427007.29929,185.0,72.0,26,0,0,1,0,1
601,1,0.6296631301031633,233,346456.69299999997,170.0,71.0,27,0,1,0,1,0
602,1,0.7312521799790722,652,7671068.42475,170.0,71.0,30,1,0,0,0,1
603,0,0.7923868417051042,216,540216.08625,195.0,72.0,31,0,0,1,1,0
604,1,0.5763043341114125,557,2521008.4025,180.0,76.0,28,0,0,1,0,1
605,1,0.7015981340997336,2168,10632911.394000001,220.0,74.0,40,0,0,1,0,1
606,1,0.7065040650406504,373,441717.79140000005,244.0,75.0,27,0,0,1,0,1
607,0,0.7031652747705949,387,312188.16825,180.0,75.0,28,0,1,0,0,1
608,1,0.7648110182410766,439,5044359.94755,230.0,72.0,31,0,0,1,0,1
609,1,0.7932357538723889,1840,2832618.0245,225.0,74.0,41,0,1,0,0,1
610,1,0.7738025586167752,273,2857142.856,185.0,70.0,32,0,0,1,0,1
611,0,0.848299264546831,923,1743944.6367000001,225.0,73.0,29,0,0,1,0,1
612,1,0.5521774031707807,922,7594936.71,195.0,71.0,34,0,0,1,0,1
613,1,0.5476285521818318,1225,5869275.236,190.0,71.0,34,0,0,1,0,1
614,1,0.7326584507042253,211,457771.66448,175.0,69.0,32,0,1,0,0,1
615,1,0.5457757296466974,762,802816.9012799999,170.0,71.0,33,0,0,1,0,1
616,1,0.7121725051516044,236,458872.07713499997,220.0,75.0,27,0,1,0,1,0
617,1,0.7290171451355663,275,2675336.7383999997,200.0,69.0,29,0,1,0,0,1
618,1,0.5451787848147808,957,2861072.903,180.0,69.0,30,1,0,0,0,1
619,1,0.5974678289746783,549,3090128.7539999997,185.0,68.0,33,1,0,0,0,1
620,1,0.6989943954305329,677,7797468.3556,205.0,73.0,28,0,0,1,0,1
621,0,0.8655620532813515,486,1836266.259,220.0,73.0,28,0,0,1,0,1
622,1,0.6575597336466902,516,3414851.0464,215.0,74.0,29,0,0,1,0,1
623,1,0.6482499541872824,495,809815.9509,185.0,72.0,35,0,0,1,0,1
624,1,0.6985771581359816,2691,1109154.9293999998,195.0,72.0,41,0,1,0,1,0
625,0,0.6780414620840153,111,250306.74846,195.0,74.0,27,0,1,0,1,0
626,1,0.6505345551737305,1174,940841.055,175.0,71.0,33,0,0,1,0,1
627,1,0.6979927886932881,519,3664335.6647250005,210.0,75.0,29,0,1,0,0,1
628,0,0.9698337748090138,443,756302.52075,195.0,73.0,33,0,0,1,0,1
629,1,0.6596441947565543,631,1111903.065,195.0,73.0,30,0,0,1,0,1
630,1,0.8563927276101801,509,0.0,170.0,73.0,31,0,1,0,1,0
631,0,0.5208579299488391,114,466874.1665,200.0,74.0,29,0,0,1,0,1
632,0,0.6458866616784154,131,508800.0,185.0,75.0,25,0,1,0,0,1
633,1,0.7511002592391631,1195,2090592.3345,185.0,72.0,36,1,0,0,0,1
634,1,0.7330628657595233,1300,8834355.828,175.0,71.0,31,1,0,0,0,1
635,1,0.827900229523709,371,2841121.4957000003,210.0,76.0,29,1,0,0,1,0
636,0,0.6349998982975001,116,132042.2535,175.0,71.0,25,1,0,0,0,1
637,0,0.6943900968412763,523,503225.80646,180.0,71.0,30,1,0,0,0,1
638,1,0.6937337036016366,1198,5573618.204999999,205.0,73.0,34,0,1,0,0,1
639,1,0.6968199070139087,394,524207.857866,210.0,74.0,28,0,0,1,0,1
640,1,0.6167673890449978,2715,12167300.376,195.0,75.0,40,0,0,1,0,1
641,0,0.7579525270466656,152,2051879.300885,190.0,72.0,27,1,0,0,0,1
642,1,0.6094146101712453,391,7115652.203475452,205.0,72.0,32,0,0,1,0,1
643,1,0.7795081967213114,826,11434621.491,215.0,74.0,33,0,0,1,0,1
644,1,0.6105869282886605,515,8007500.0,225.0,75.0,32,0,0,1,0,1
645,1,0.7809251873338168,606,1587591.24095,215.0,76.0,39,0,0,1,0,1
646,1,0.7677641802641803,226,451519.53678,210.0,74.0,28,0,1,0,0,1
647,0,0.6538493317634422,123,508118.4667787,190.0,73.0,28,1,0,0,0,1
648,1,0.8774062816616008,1010,3817915.417538179,178.0,71.0,31,1,0,0,0,1
649,1,0.7145043702420752,931,2523605.1490999996,200.0,73.0,31,0,1,0,0,1
650,0,0.8414693668373594,1022,4152963.670365,160.0,70.0,33,0,1,0,1,0
651,0,0.818837058632977,127,195028.68065249998,230.0,76.0,29,0,1,0,1,0
652,0,0.9481150159744409,407,3809523.808,235.0,75.0,28,0,1,0,1,0
653,1,0.6139252411791578,966,1013941.698,185.0,70.0,38,0,0,1,0,1
654,1,0.8270749254255132,1837,550206.3275,225.0,73.0,33,0,0,1,0,1
655,1,0.8320125046142488,2396,14634146.338000001,210.0,76.0,40,1,0,0,0,1
656,1,0.7202482750486525,741,2788339.6695,235.0,77.0,33,0,1,0,1,0
657,1,0.7349243525547838,1165,6521948.478685866,175.0,70.0,32,0,1,0,1,0
658,0,0.5171850079744817,110,451672.8623774999,175.0,69.0,32,0,0,1,0,1
659,1,0.7665737886007287,1056,1226277.37232,170.0,70.0,31,0,1,0,1,0
660,0,0.6135634028892456,108,313588.850175,165.0,70.0,29,1,0,0,0,1
661,0,0.7706592386258124,117,169014.08448,180.0,75.0,26,0,0,1,0,1
662,1,0.8070785150372065,983,8804891.6076,205.0,73.0,35,0,0,1,0,1
663,1,0.58042537672198,341,1393728.223,185.0,73.0,31,0,0,1,0,1
664,0,0.7561750686118736,245,440528.63425,210.0,77.0,26,0,0,1,0,1
665,1,0.6516713724847465,535,2532871.97235,190.0,73.0,28,1,0,0,0,1
666,1,0.7671703296703296,1800,4690033.449489078,185.0,74.0,38,0,1,0,1,0
667,1,0.7853439170374164,1408,9338521.402,195.0,75.0,36,0,1,0,1,0
668,0,0.8666326704062552,229,2500000.0,210.0,72.0,29,0,0,1,0,1
669,1,0.7003347840642785,516,952885.12425,190.0,74.0,29,0,0,1,0,1
670,1,0.6358306909519946,475,3403441.681975,210.0,73.0,33,0,0,1,0,1
671,1,0.7861545988258317,1701,10923913.04275,205.0,76.0,36,0,0,1,0,1
672,1,0.7651615871074062,380,4052098.407,240.0,75.0,27,0,0,1,0,1
673,1,0.6313569276339308,349,408178.43859299994,190.0,72.0,29,0,0,1,0,1
674,0,0.6961356785112394,106,346012.26993,195.0,76.0,28,0,0,1,0,1
675,0,0.7066228790366722,233,265743.94464,180.0,72.0,26,0,0,1,0,1
676,1,0.6847202315712559,689,5879266.1432021,180.0,74.0,31,0,0,1,0,1
677,1,0.6154168412232928,1870,2475928.47375,181.0,72.0,36,0,0,1,0,1
678,1,0.6914699309108647,1092,9540378.0,220.0,71.0,33,0,0,1,0,1
679,1,0.63180636777128,1485,800355.7139999999,195.0,71.0,35,0,1,0,0,1
680,1,0.7118988684582743,1210,1560826.32015,220.0,75.0,34,0,1,0,0,1
681,1,0.7451860375911008,2068,10032512.769,185.0,73.0,40,0,0,1,0,1
682,1,0.6002670128335021,597,3605150.2129999995,185.0,72.0,33,0,0,1,0,1
683,1,0.7455734920332089,228,1075268.817,225.0,73.0,29,1,0,0,0,1
684,1,0.7407539399699058,364,514400.0,215.0,73.0,26,0,1,0,0,1
685,1,0.6405868847754341,566,1147227.53325,180.0,72.0,35,0,1,0,1,0
686,1,0.7691358024691358,978,5889570.552,175.0,73.0,34,0,0,1,0,1
687,1,0.6863394364368265,1487,1598540.14606,210.0,78.0,38,0,0,1,0,1
688,1,0.8114586083575355,727,6166667.0,195.0,71.0,29,0,1,0,0,1
689,1,0.5576762619941593,232,570866.141875,185.0,71.0,31,0,1,0,0,1
690,1,0.7619824984339705,400,669144.9813,200.0,76.0,27,0,0,1,0,1
691,1,0.7444549252122354,1603,2026049.2035,220.0,75.0,36,0,1,0,1,0
692,1,0.5717725752508361,1113,1065088.75725,185.0,73.0,36,0,0,1,0,1
693,1,0.690743399087082,1552,8130999.438000001,175.0,69.0,33,0,0,1,0,1
694,1,0.6689219239005106,2187,12877087.719634507,220.0,74.0,37,0,0,1,0,1
695,1,0.8374737782612074,805,5717310.7455,215.0,75.0,31,0,1,0,0,1
696,1,0.6122914593391885,550,3135888.501,220.0,75.0,29,0,1,0,1,0
697,1,0.47874762808349147,1585,1339055.7933999998,220.0,72.0,38,0,1,0,1,0
698,1,0.6789207336335426,583,3411279.2305,210.0,73.0,29,0,0,1,0,1
699,0,0.5483385169422164,143,504721.02981999994,190.0,72.0,25,0,0,1,0,1
700,0,0.6183396435497276,101,700729.92704,180.0,73.0,32,0,1,0,0,1
701,1,0.6266444039668084,226,1260504.20125,190.0,74.0,35,1,0,0,0,1
702,0,0.9048738820219073,968,4069204.1523,170.0,70.0,32,0,1,0,1,0
703,1,0.8334244754712279,699,7839721.2525,220.0,72.0,30,0,1,0,0,1
704,0,0.759644878385968,108,154838.70968,180.0,74.0,27,0,0,1,0,1
705,1,0.7249974207403048,931,1587591.24095,175.0,73.0,38,0,0,1,0,1
706,1,0.6470697474392055,380,535388.354510688,215.0,73.0,26,0,0,1,0,1
707,0,0.7842105263157895,130,504355.4005775,245.0,77.0,30,0,1,0,0,1
708,1,0.6258224409060978,255,3132867.1332,230.0,73.0,30,0,0,1,0,1
709,0,0.5968031968031968,108,509505.703245,230.0,74.0,24,0,0,1,0,1
710,1,0.8198534785150541,740,3125904.4854,205.0,73.0,32,0,1,0,0,1
711,1,0.6794314782874484,212,1667593.1075,180.0,71.0,38,0,1,0,0,1
712,1,0.5928325405937347,1049,1558098.5912999997,165.0,70.0,33,0,1,0,0,1
713,1,0.7101453676708779,364,535714.2855,225.0,74.0,30,0,0,1,1,0
714,1,0.6660692951015532,362,474674.38482,220.0,75.0,27,0,1,0,1,0
715,1,0.8741784849533034,1358,10592334.494800001,180.0,71.0,33,0,1,0,1,0
716,1,0.6938613601956446,1679,1967213.115,195.0,74.0,35,0,0,1,0,1
717,1,0.677173520923521,936,8469791.08125,175.0,72.0,33,0,0,1,0,1
718,0,0.7106331168831168,217,460364.60669279995,215.0,74.0,26,0,0,1,0,1
719,1,0.7706376445086704,1754,889359.4493,185.0,72.0,40,0,0,1,0,1
720,1,0.6673614370609622,519,1625089.095,195.0,75.0,30,1,0,0,0,1
721,1,0.6337147700784065,1412,12151898.736000001,205.0,74.0,36,0,1,0,1,0
722,1,0.5551073852776063,252,496286.10740499996,205.0,72.0,27,0,0,1,0,1
723,0,0.8064396128526542,576,3686635.944,200.0,71.0,31,0,0,1,0,1
724,0,0.7236626506024095,230,598478.44455,212.0,75.0,30,0,0,1,0,1
725,1,0.7111828774062816,459,1823788.545795,180.0,70.0,31,0,1,0,0,1
726,1,0.7063046952512788,381,1949367.0889,210.0,72.0,25,0,0,1,0,1
727,1,0.6855228698459102,651,1260223.048115,165.0,73.0,29,0,1,0,1,0
728,1,0.8129303611127802,1036,9523809.522,180.0,70.0,34,0,1,0,0,1
729,1,0.6511978963770939,1083,822580.645175,185.0,74.0,33,0,0,1,0,1
730,1,0.7091286687230858,220,677419.35485,180.0,73.0,32,0,1,0,1,0
731,1,0.7983646616541353,208,921658.986,225.0,74.0,30,0,0,1,0,1
732,1,0.7776244408489579,223,1228878.648,190.0,74.0,32,0,1,0,1,0
733,1,0.7876546118506302,1893,20275678.088,270.0,74.0,35,0,0,1,0,1
734,0,0.7403850308975412,104,1000000.0,250.0,76.0,34,0,0,1,0,1
735,1,0.7510047846889952,1648,14580467.678749999,240.0,77.0,35,0,0,1,0,1
736,1,0.6586409754561202,499,1710620.1,145.0,70.0,27,1,0,0,0,1
737,1,0.6762871569835592,964,2916666.6655,205.0,75.0,31,0,1,0,1,0
738,1,0.6843569791745361,355,1196850.3939999999,180.0,75.0,30,0,0,1,0,1
739,1,0.6221519126403445,1008,2990654.2060000002,167.0,70.0,32,1,0,0,0,1
740,1,0.7379245407691291,1885,1521476.9704858891,190.0,72.0,35,0,0,1,0,1
741,1,0.6604104403267583,957,1469013.0072,200.0,74.0,35,0,0,1,0,1
742,0,0.6312471505604553,104,229445.50665,180.0,69.0,28,0,1,0,0,1
743,1,0.6195793405879486,681,3025210.083,180.0,72.0,32,0,0,1,0,1
744,1,0.7454929467543363,365,500687.758025,205.0,74.0,30,0,1,0,0,1
745,1,0.6613792549667766,527,2532515.3373600002,190.0,73.0,29,0,0,1,0,1
746,1,0.754710462062929,897,9216589.86,170.0,72.0,33,0,0,1,0,1
747,1,0.5582129940683502,880,3986159.1696,155.0,71.0,29,0,0,1,0,1
748,1,0.6993973768167316,351,535372.84885,165.0,70.0,32,1,0,0,0,1
749,1,0.5307341118867238,250,787401.575,170.0,69.0,28,1,0,0,0,1
750,0,0.6977707824746242,219,841300.19105,190.0,72.0,31,0,1,0,0,1
751,1,0.6132896700381363,700,800444.6916,170.0,70.0,38,0,1,0,0,1
752,1,0.6888682960732075,796,7235890.0125,193.0,70.0,35,0,0,1,0,1
753,1,0.7634501909059355,1585,4549090.47437084,180.0,72.0,39,0,1,0,1,0
754,0,0.6489632107023411,247,454413.892785,180.0,74.0,28,1,0,0,0,1
755,1,0.6014530358069539,395,309382.924725,175.0,72.0,28,0,0,1,0,1
756,1,0.616076729846997,244,516309.01264749997,195.0,72.0,25,1,0,0,0,1
757,1,0.6795056686752149,1169,8776370.634227848,235.0,75.0,31,0,1,0,1,0
758,1,0.6990853727050046,875,5990783.409,190.0,73.0,29,0,1,0,1,0
759,1,0.6508520721992538,411,1100412.655,205.0,72.0,30,1,0,0,0,1
760,1,0.779740850465332,1147,9216589.86,185.0,75.0,35,0,0,1,0,1
761,1,0.6090509318252062,762,3301237.965,205.0,72.0,27,0,0,1,0,1
762,0,0.6499897002780926,117,552147.23925,175.0,71.0,28,1,0,0,0,1
763,1,0.5850666233344166,1436,1398601.3987500002,175.0,72.0,38,0,0,1,0,1
764,0,0.6939579948245772,112,517617.236829,175.0,70.0,28,0,1,0,1,0
765,0,0.6719574233902901,116,181038.062286,185.0,73.0,28,1,0,0,0,1
766,1,0.8109341628749187,1423,13986013.9875,195.0,76.0,35,0,0,1,0,1
767,1,0.7169225360365639,539,3037974.6840000004,200.0,72.0,29,0,0,1,0,1
768,1,0.6834309481368305,749,8618504.433,215.0,74.0,36,0,0,1,1,0
769,1,0.6433350256670616,835,9551374.8165,175.0,73.0,32,0,0,1,0,1
770,1,0.6986910227605744,1674,3077419.35489,185.0,73.0,37,0,1,0,1,0
771,1,0.6560278373593849,419,629032.258075,190.0,75.0,29,0,1,0,0,1
772,0,0.7227702702702703,148,440528.63425,195.0,75.0,26,0,1,0,1,0
773,1,0.6065099457504521,757,1279761.9042500001,195.0,76.0,36,0,1,0,0,1
774,1,0.83758288675764,597,1300191.20435,200.0,73.0,32,0,0,1,0,1
775,1,0.5905777291780572,360,1013824.8846,173.0,70.0,33,1,0,0,0,1
776,0,0.7685049019607844,545,2678571.4275,166.0,70.0,30,0,1,0,0,1
777,1,0.7460762696547985,657,5065743.9447,185.0,72.0,30,0,0,1,0,1
778,1,0.6203006051141909,1359,1829739.0331492429,175.0,75.0,36,0,0,1,0,1
779,1,0.7394082171127025,1407,1843066.423443674,180.0,71.0,35,0,0,1,0,1
780,1,0.731505376344086,878,828331.33225,190.0,75.0,37,0,1,0,0,1
781,0,0.5764948651502064,101,399385.5606,200.0,71.0,28,1,0,0,0,1
782,1,0.8187985135343141,1051,2352102.6375,185.0,72.0,32,0,0,1,0,1
783,1,0.6250478534317747,255,197802.197775,175.0,73.0,27,0,0,1,0,1
784,1,0.6692362465558341,571,3165644.1717000003,185.0,71.0,33,0,0,1,0,1
785,0,0.7774122243355781,245,1133963.3131,180.0,73.0,29,0,0,1,0,1
786,1,0.7330704025626255,865,2129032.2580999997,215.0,77.0,29,0,0,1,0,1
787,0,0.6099114816810078,119,515400.0,165.0,73.0,23,1,0,0,0,1
788,0,0.817775144078825,552,3333333.0,190.0,73.0,28,0,0,1,0,1
789,0,0.8437376290861032,803,3889555.821,220.0,74.0,32,0,1,0,1,0
790,1,0.6506401881369219,783,948387.09679,190.0,74.0,29,0,0,1,0,1
791,0,0.7461968594408273,109,131612.903228,175.0,77.0,24,0,0,1,0,1
792,1,0.7314565922160858,1318,2032749.8595000003,150.0,70.0,37,0,1,0,1,0
793,1,0.7272144640086353,1735,3811540.497,175.0,72.0,41,0,0,1,0,1
794,1,0.9080901522159617,514,6750000.0,220.0,75.0,29,0,0,1,0,1
795,1,0.6843224343224343,445,4150000.0,200.0,74.0,28,0,1,0,0,1
796,0,0.6205920072989559,137,324129.65175,169.0,74.0,29,0,0,1,0,1
797,1,0.6588686227861486,338,1143462.1491,170.0,73.0,32,0,0,1,0,1
798,1,0.7330081903115611,1332,15000000.0,205.0,70.0,33,0,0,1,0,1
799,1,0.7665301012859906,1866,3379416.282,205.0,74.0,38,0,1,0,0,1
800,0,0.5806427915518824,103,512195.12183,215.0,76.0,30,0,0,1,0,1
801,0,0.7009263508893531,1093,2457757.296,205.0,75.0,35,0,0,1,0,1
802,1,0.7122855263944521,230,1259600.6142,210.0,74.0,27,0,0,1,0,1
803,1,0.6959964964782307,1058,4535349.046,210.0,74.0,37,0,1,0,0,1
804,1,0.6588836695219674,350,6153846.1545,187.0,70.0,34,1,0,0,0,1
805,1,0.8394894894894895,1827,1861313.8687,185.0,74.0,36,0,0,1,0,1
806,1,0.6968706047819972,966,11636363.637600001,200.0,75.0,35,1,0,0,0,1
807,1,0.7538866351429334,1590,6960629.9229999995,175.0,72.0,34,0,1,0,1,0
808,1,0.6773931775259678,387,532532.1886059999,235.0,78.0,30,0,0,1,0,1
809,1,0.6970118311470136,425,7088607.596,215.0,75.0,28,0,0,1,0,1
810,1,0.708310351167494,361,1147227.53325,210.0,76.0,28,0,1,0,0,1
811,1,0.651403094676108,558,3586956.5215,195.0,73.0,35,0,1,0,0,1
812,1,0.7479532662459492,1451,17000000.0,225.0,75.0,32,0,1,0,0,1
813,0,0.8065913370998117,103,452961.672475,210.0,77.0,31,0,0,1,1,0
814,1,0.6101744186046512,798,921658.986,170.0,67.0,35,1,0,0,0,1
815,0,0.6119257086999021,227,868306.8015000001,185.0,69.0,33,0,0,1,0,1
816,1,0.6522098759280482,626,1267023.7187100002,165.0,69.0,28,0,1,0,1,0
817,1,0.6008131605464815,492,782608.6956,170.0,70.0,31,0,0,1,0,1
818,1,0.5698562158035374,2002,1440576.23,175.0,73.0,41,1,0,0,0,1
819,1,0.7117014678519744,588,1115335.8678,220.0,73.0,32,0,0,1,0,1
820,1,0.8577212911933416,2047,9672040.0235,200.0,75.0,39,0,1,0,1,0
821,0,0.5350382128159906,130,272392.63803000003,210.0,74.0,27,0,1,0,1,0
822,1,1.120337649289595,1545,13481873.22468541,215.0,77.0,36,0,0,1,0,1
823,0,0.6342818428184283,105,242491.349484,170.0,72.0,30,1,0,0,0,1
824,1,0.7743113591682559,1404,4202334.6309,175.0,71.0,38,1,0,0,0,1
825,1,0.7286185209698202,541,2060085.836,190.0,70.0,32,0,1,0,0,1
826,0,0.82176960585128,1129,5668711.6563,175.0,72.0,31,1,0,0,0,1
827,1,0.6753567046028729,1819,1423357.6643,180.0,71.0,41,0,0,1,0,1
828,1,0.7408279551136694,1412,6089965.951633219,205.0,72.0,34,0,0,1,0,1
829,0,0.5681380488010322,156,223048.32709999997,175.0,73.0,25,1,0,0,0,1
830,1,0.6854710449995323,794,4585365.85367,185.0,72.0,32,0,0,1,0,1
831,0,0.694047619047619,102,508187.5790376,205.0,74.0,26,0,0,1,0,1
832,0,0.8876493905386611,117,299651.567945,185.0,72.0,27,1,0,0,0,1
833,1,0.7461670274170273,486,3936324.1668000002,215.0,72.0,29,0,0,1,0,1
834,0,0.7423686882673313,139,304912.47892500006,175.0,69.0,30,0,0,1,0,1
835,1,0.6552502050861362,997,2217391.3041999997,180.0,72.0,37,1,0,0,0,1
836,0,0.8929450757575756,217,532319.39145,229.0,73.0,26,0,0,1,0,1
837,0,0.731460244648318,103,126796.28062500001,260.0,75.0,26,0,0,1,0,1
838,1,0.7780867630700778,758,880330.124,215.0,72.0,34,0,0,1,0,1
839,1,0.7531988654270407,679,836042.7307499999,195.0,74.0,34,0,1,0,0,1
840,0,0.7941176470588236,244,305927.3422,185.0,72.0,28,0,0,1,0,1
841,1,0.659983355796977,672,533570.4759999999,180.0,68.0,35,1,0,0,0,1
842,1,0.7165478064894569,1347,4235949.8358,195.0,73.0,37,0,0,1,0,1
843,1,0.7114439143711071,663,3869047.6175,202.0,75.0,37,0,0,1,0,1
844,0,0.7414749127762087,106,983606.5575,175.0,71.0,29,0,0,1,0,1
845,1,0.7116545466246219,251,497386.52006,210.0,71.0,25,0,0,1,0,1
846,0,0.7075757575757575,139,313575.525755,180.0,73.0,27,0,0,1,0,1
847,1,0.7444874593921387,511,2052744.12,200.0,74.0,31,0,0,1,0,1
848,1,0.7015628681379094,767,1035211.2674399999,173.0,71.0,32,0,1,0,1,0
849,1,0.8528862635647059,663,6607929.51375,186.0,70.0,29,0,0,1,0,1
850,0,0.5681452391682225,101,470089.99463,207.0,75.0,29,0,0,1,0,1
851,0,0.8310123574144487,358,435150.8734075,210.0,72.0,28,0,0,1,0,1
852,1,0.726570578098073,1018,7272727.2735,190.0,71.0,35,0,0,1,0,1
853,0,0.6402959590210586,102,1567944.2505,250.0,72.0,37,0,0,1,0,1
854,1,0.7175955675505862,2606,6257668.7115,185.0,72.0,42,0,0,1,0,1
855,1,0.7942979684939868,1023,15584415.589500003,202.0,71.0,30,0,0,1,0,1
856,1,0.7832946269175474,560,3333333.332,195.0,73.0,29,0,0,1,0,1
857,0,0.6847802805526783,135,508954.70371230005,235.0,75.0,23,0,0,1,0,1
858,1,0.7541350533820553,774,12151898.736000001,210.0,71.0,32,0,1,0,0,1
859,1,0.5806233986749747,749,814126.3939149999,180.0,71.0,32,0,0,1,0,1
860,1,0.7788406214039125,1220,1403026.135125,200.0,71.0,38,0,0,1,0,1
861,1,0.6480135162809748,962,2881152.46,170.0,71.0,33,0,1,0,0,1
862,0,0.66002061342716,109,468187.27475,175.0,71.0,32,0,0,1,0,1
863,0,0.6526333787443397,126,441796.354128,230.0,74.0,24,0,0,1,0,1
864,1,0.6360812133072407,1045,2522399.9996531704,190.0,72.0,34,0,0,1,0,1
865,1,0.6272907198358012,1125,218978.1022,180.0,74.0,34,0,1,0,1,0
866,1,0.6272907198358012,1125,1094890.511,180.0,74.0,34,0,1,0,1,0
867,1,0.6095457790959521,377,2456445.9924500003,180.0,70.0,32,0,1,0,1,0
868,1,0.8596522998913437,1149,5069708.49,220.0,76.0,33,0,1,0,0,1
869,1,0.7309653072033898,941,2061349.6932,200.0,75.0,33,0,1,0,1,0
870,0,0.8162045716474952,316,695255.474485,175.0,71.0,34,0,0,1,0,1
871,0,0.7212527795575321,101,137323.94363999998,185.0,73.0,26,0,1,0,1,0
872,1,0.6839401540488497,291,418118.46690000006,190.0,71.0,26,0,1,0,0,1
873,1,0.8109854298110991,379,6083650.188,245.0,77.0,32,0,0,1,0,1
874,1,0.7352505895944927,1414,2570772.7626,200.0,75.0,31,0,1,0,0,1
875,1,0.5700059630292188,568,725325.172305,165.0,70.0,33,1,0,0,1,0
876,1,0.6698855782521886,269,346840.1486405,196.0,69.0,25,0,0,1,0,1
877,1,0.693108504398827,226,299808.795356,175.0,69.0,28,0,0,1,0,1
878,1,0.7991639724372164,1051,3072196.62,175.0,71.0,34,1,0,0,0,1
879,1,0.6463956755218891,958,1258064.51615,162.0,71.0,33,0,1,0,0,1
880,0,0.9339805825242719,1299,1584507.042,185.0,74.0,35,1,0,0,0,1
881,0,0.8268617021276596,335,1141732.28375,170.0,71.0,27,0,0,1,0,1
882,0,0.7348087087402428,109,1889888.8297625,220.0,75.0,27,0,1,0,0,1
883,1,0.7242892566041441,1945,4405286.3425,210.0,76.0,35,0,0,1,0,1
884,1,0.7034874019689639,912,5576679.339,210.0,75.0,33,0,1,0,1,0
885,1,0.740008470301007,973,1886616.3565597427,185.0,73.0,30,0,1,0,0,1
886,1,0.6743877776455993,214,301524.56249250006,190.0,71.0,30,0,0,1,0,1
887,1,0.8910550458715596,2720,4724409.45,190.0,74.0,39,1,0,0,0,1
888,0,0.8088475626937165,144,401190.47603,220.0,73.0,25,0,0,1,0,1
889,0,0.8755034966763042,336,1043478.2607999999,200.0,73.0,37,0,1,0,0,1
890,1,0.6596706843420069,478,3631361.7615,215.0,74.0,32,0,0,1,0,1
891,1,0.8076357385034143,242,1835564.0532,190.0,74.0,29,0,0,1,0,1
892,0,0.885919518035066,116,507500.0,195.0,74.0,25,0,1,0,0,1
893,1,0.7064697779938421,247,564258.554937,200.0,71.0,31,1,0,0,1,0
894,1,0.7123180873180873,493,3041825.094,215.0,69.0,30,1,0,0,0,1
895,0,0.8402878327033148,123,199307.95848,210.0,76.0,28,0,1,0,0,1
896,0,0.8099710144927537,111,501742.16016,205.0,71.0,27,0,0,1,0,1
897,1,0.6438148241841639,2410,463732.3942919999,180.0,72.0,43,0,1,0,0,1
898,1,0.8593495529386908,674,10799364.7415,180.0,74.0,33,0,0,1,0,1
899,1,0.5565633770216706,734,444761.226,175.0,69.0,32,1,0,0,0,1
900,0,0.7090542187024063,125,514000.0,225.0,75.0,29,0,1,0,0,1
901,1,0.7623645930052616,236,500934.57950500003,185.0,74.0,26,1,0,0,0,1
902,0,0.95443337249612,605,8202832.6502585905,185.0,75.0,30,0,1,0,0,1
903,1,0.7497625830959165,355,746998.6664,220.0,73.0,31,0,1,0,1,0
904,0,0.7046370967741935,1412,2944785.276,180.0,74.0,39,1,0,0,0,1
905,1,0.7667692200726566,919,8928571.425,195.0,73.0,32,0,1,0,1,0
906,1,0.7175024224806201,513,4276550.25,185.0,73.0,29,0,1,0,0,1
907,1,0.5831693586573368,399,2925000.0,235.0,72.0,27,0,0,1,0,1
908,1,0.5997672331594592,855,2228654.12385,200.0,71.0,31,1,0,0,0,1
909,0,0.698366280656607,112,447452.2011736,195.0,72.0,24,0,0,1,0,1
910,0,0.8286887677531798,119,171653.54335,190.0,70.0,24,0,1,0,0,1
911,1,0.6903599444353652,1181,1470836.85525,175.0,72.0,32,0,1,0,0,1
912,0,0.7411389884508164,109,764818.3555,195.0,74.0,36,0,0,1,0,1
913,1,0.6601511731308571,1475,3741981.46875,185.0,73.0,34,0,1,0,1,0
914,0,0.96424739195231,350,1202090.5923375,175.0,72.0,28,0,0,1,0,1
915,1,0.6224254511845113,977,1258064.51615,185.0,74.0,33,1,0,0,0,1
916,1,0.7158393717466838,1234,9147374.367750002,150.0,72.0,33,1,0,0,0,1
917,1,0.7243770657571047,1396,1678670.802998046,160.0,74.0,37,0,1,0,1,0
918,0,0.6846309630963097,208,797202.7972875001,175.0,69.0,35,1,0,0,0,1
919,1,0.7348224870530979,962,6233766.235800001,175.0,72.0,32,0,1,0,1,0
920,1,0.7614458326483643,2014,10043478.2602,205.0,77.0,35,0,1,0,1,0
921,0,0.7279727793696276,620,560747.663625,215.0,75.0,32,0,0,1,0,1
922,1,0.6408050977370091,719,2667852.38,230.0,72.0,33,0,0,1,0,1
923,1,0.7891965311879636,1961,9824957.654250002,200.0,76.0,38,0,1,0,1,0
924,1,0.6575258531217567,830,1365638.766175,160.0,70.0,28,1,0,0,0,1
925,1,0.8044048656951883,1517,21226960.561695926,215.0,72.0,35,0,0,1,0,1
926,1,0.6157497781721384,871,8337965.5375,160.0,69.0,31,0,0,1,0,1
927,0,0.7808332444254775,114,224299.06545000002,210.0,76.0,25,0,0,1,0,1
928,0,0.7339806710430343,128,514250.0,210.0,74.0,31,0,0,1,0,1
929,1,0.6208854039042718,214,404761.9046,195.0,73.0,27,0,1,0,0,1
930,1,0.6495238095238096,1359,971962.61695,185.0,73.0,35,0,1,0,1,0
931,1,0.7320439256034823,1509,985401.4599,170.0,70.0,36,0,1,0,0,1
932,1,1.0210701982972494,2118,16000000.0,230.0,75.0,41,0,1,0,1,0
933,0,0.677553254325644,104,166730.401499,150.0,67.0,24,1,0,0,1,0
934,1,0.661036036036036,1406,1520912.547,235.0,74.0,37,0,1,0,1,0
935,1,0.6074491988257098,655,1206521.73905,185.0,73.0,32,0,0,1,0,1
936,1,0.6053332894650261,1169,3737024.2215,165.0,69.0,32,1,0,0,0,1
937,0,0.7311311449538389,266,530500.0,185.0,70.0,25,0,0,1,0,1
938,0,0.7623224728487886,132,501742.16016,200.0,73.0,26,0,0,1,0,1
939,1,0.7496632996632997,690,11250000.0,200.0,74.0,35,1,0,0,0,1
940,1,0.7058122832218057,811,1154185.021735,205.0,73.0,31,0,1,0,0,1
941,0,0.7338172372497316,398,4091778.201925,190.0,72.0,34,0,0,1,0,1
942,1,0.8091223901723876,901,9756097.561,175.0,73.0,32,0,0,1,0,1
943,1,0.6038025889967638,992,1099855.2819,155.0,71.0,38,0,1,0,1,0
944,1,0.7860170307864216,2725,3686635.944,180.0,72.0,41,0,1,0,1,0
945,0,0.7907332796132152,585,2032749.8595000003,190.0,72.0,32,0,0,1,0,1
946,0,0.7258737947658402,104,521518.98742,200.0,75.0,27,1,0,0,0,1
947,1,0.6378102164769175,2186,2819383.2591999997,230.0,77.0,40,0,1,0,0,1
948,0,0.6630508059079487,101,512446.351705,220.0,73.0,25,0,1,0,1,0
949,1,0.6734529599195036,1491,4258444.051788179,210.0,75.0,35,0,0,1,0,1
950,1,0.8234058715760311,590,1409691.6295999999,203.0,72.0,30,0,1,0,1,0
951,1,0.5819883932731816,838,3344170.9229999995,180.0,70.0,29,0,1,0,0,1
952,1,0.7032618999105237,262,464254.703202,250.0,75.0,26,0,0,1,0,1
953,0,0.641820857863751,121,447665.629364,205.0,72.0,26,0,1,0,0,1
954,1,0.637012571915619,953,5573618.204999999,185.0,70.0,36,0,0,1,0,1
955,0,0.9295811639655784,102,709759.1886,200.0,71.0,31,0,0,1,0,1
956,1,0.5903270624460215,242,1342836.7785,195.0,74.0,32,0,0,1,0,1
957,0,0.65857089966679,223,1417721.5192,240.0,69.0,33,1,0,0,0,1
958,1,0.6841247484909456,1152,7578397.210750001,225.0,74.0,34,0,1,0,1,0
959,0,0.7222748815165877,104,211453.74444,170.0,73.0,24,1,0,0,0,1
960,1,0.5020879294043492,1676,3653979.2388,175.0,72.0,36,0,0,1,0,1
961,0,0.6396901232362922,152,439942.11276,180.0,74.0,26,0,0,1,0,1
962,0,0.8427197802197802,110,438327.157155,260.0,75.0,22,0,0,1,0,1
963,1,0.6548701298701298,1578,2485659.655375,178.0,69.0,36,1,0,0,0,1
964,1,0.588904128233853,429,512195.12183,195.0,71.0,28,1,0,0,0,1
965,1,0.7454285405872193,1462,15189873.42,225.0,74.0,33,0,0,1,0,1
966,1,0.6753913707521955,280,390334.57242499996,160.0,70.0,31,0,1,0,0,1
967,0,0.8428442028985508,211,652173.913,215.0,76.0,34,0,0,1,0,1
968,0,0.7235230352303523,211,652173.913,175.0,73.0,35,0,0,1,0,1
969,1,0.6810245868034812,1003,1228878.648,175.0,72.0,32,1,0,0,0,1
970,1,0.6231403693007789,366,1079936.47415,180.0,69.0,29,0,1,0,1,0
971,0,0.6983398092546803,125,717391.3043,185.0,71.0,30,1,0,0,0,1
972,1,0.6797907574209924,757,2055800.880538179,180.0,71.0,31,0,1,0,0,1
973,1,0.8133333333333332,241,1200667.0374,210.0,74.0,33,0,0,1,0,1
974,0,0.7154679802955666,267,520500.0,215.0,72.0,26,0,1,0,0,1
975,1,0.6584938421158893,363,849273.1447875,185.0,74.0,31,0,1,0,0,1
976,1,0.617842035482038,1073,1591776.211051821,165.0,73.0,33,1,0,0,0,1
977,0,0.8273128637367049,119,417391.30431999994,225.0,75.0,25,0,0,1,0,1
978,0,0.9585701295749034,346,633802.8167999999,209.0,73.0,33,0,1,0,1,0
979,0,0.6756777643822065,110,396607.1426985,205.0,72.0,29,0,0,1,0,1
980,1,0.6504455583402952,368,416589.861672,180.0,73.0,29,0,0,1,0,1
981,1,0.7950677848796972,1899,1008403.361,175.0,70.0,40,1,0,0,0,1
982,1,0.8429387820348136,1698,1488095.2375,200.0,75.0,38,0,0,1,0,1
983,0,0.7626728110599079,101,458741.25879000005,190.0,74.0,24,0,1,0,1,0
984,1,0.5891454224787558,1943,1648068.6687999999,180.0,70.0,36,0,1,0,1,0
985,1,0.7694249712598337,1827,2025316.456,250.0,75.0,39,0,1,0,0,1
986,0,0.8432374479103452,246,406920.41523000004,175.0,72.0,24,0,1,0,0,1
987,1,0.7420034682752383,536,4860759.4944,215.0,74.0,29,0,0,1,0,1
988,1,0.6171572436914342,1428,2832618.0245,190.0,69.0,38,0,0,1,0,1
989,1,0.653892863451687,685,4110726.64365,155.0,68.0,30,0,1,0,1,0
990,1,0.713501291989664,1709,13979546.471199999,215.0,74.0,40,1,0,0,0,1
991,1,0.7753292806484295,1096,11000000.0,215.0,72.0,33,0,0,1,0,1
992,0,0.6833128020468113,104,505923.344828,195.0,70.0,27,0,1,0,1,0
993,1,0.6965437263940901,869,1175210.40576,200.0,73.0,29,0,0,1,0,1
994,1,0.8936074300040757,1783,9921259.844999999,178.0,68.0,35,0,0,1,0,1
995,1,0.7176406105067881,1095,1838709.67745,195.0,74.0,33,0,1,0,0,1
996,1,0.6547980894485453,638,1545064.3769999999,195.0,69.0,36,1,0,0,0,1
997,1,0.8383568650014999,379,5389061.8076,235.0,73.0,29,0,0,1,0,1
998,1,0.7572583994884934,253,379446.64044000005,175.0,73.0,27,0,0,1,0,1
999,1,0.6768764802331937,275,243448.85880000002,160.0,71.0,25,0,0,1,0,1
1000,1,0.5871951100435487,399,564705.88236,175.0,72.0,28,0,0,1,0,1
1001,0,0.6518235102572452,109,422535.21119999996,190.0,76.0,33,0,1,0,0,1
1002,1,0.7121811939461884,460,1500000.0,185.0,72.0,35,0,0,1,0,1
1003,1,0.7784655282086412,2053,1914110.4294,160.0,68.0,39,1,0,0,0,1
1004,1,0.6049410455586228,1354,3000000.0,180.0,74.0,35,0,0,1,0,1
1005,1,0.7566923610634583,1561,16223067.168,205.0,73.0,36,0,0,1,0,1
1006,1,0.9488834106728539,1941,26690342.93989879,225.0,72.0,37,0,0,1,0,1
1007,1,0.5660390419493285,1265,2114537.4444,170.0,72.0,33,0,0,1,0,1
1008,0,0.8495791118903866,372,5350000.0,260.0,73.0,29,0,0,1,0,1
1009,1,0.7514756230514699,1249,4129168.87175,190.0,71.0,35,0,0,1,0,1
1010,1,0.7979113771144913,1870,881057.2685,165.0,71.0,37,0,0,1,0,1
1011,1,0.6410712424431937,908,15800000.0,195.0,74.0,30,0,1,0,1,0
1012,0,0.8452156892268313,105,286617.1003235,190.0,70.0,28,0,0,1,0,1
1013,1,0.6787988658020732,1292,2065799.541375,170.0,71.0,33,1,0,0,0,1
1014,1,0.6407557603686636,339,954858.4546800001,180.0,71.0,30,0,0,1,0,1
1015,1,0.5583936843478828,216,535372.84885,167.0,72.0,32,0,0,1,0,1
1016,1,0.624686062072632,290,413517.665052,175.0,71.0,28,0,1,0,1,0
1017,1,0.7200725952813067,479,845070.4223999999,180.0,73.0,31,0,0,1,0,1
1018,0,0.8438481338481338,331,2208588.957,190.0,74.0,36,0,1,0,0,1
1019,1,0.6054841897233202,267,1034965.0350750001,195.0,72.0,28,0,1,0,1,0
1020,1,0.6220141019430541,1223,1529636.711,170.0,69.0,34,0,0,1,0,1
1021,1,0.6813311770354273,664,2334630.3505,180.0,71.0,29,0,0,1,0,1
1022,1,0.6961136857488991,409,1204152.24915,215.0,74.0,29,0,1,0,0,1
1023,1,0.6640914910700723,208,1300000.0,205.0,76.0,33,0,0,1,0,1
1024,1,0.6010378057820608,629,1143462.1491,155.0,68.0,31,1,0,0,0,1
1025,1,0.6351915626345244,1984,8951048.952000001,200.0,73.0,33,0,0,1,0,1
1026,0,0.6405850478928472,103,181038.062286,172.0,69.0,32,0,0,1,0,1
1027,0,0.664994425863991,129,388325.652768,200.0,71.0,25,0,0,1,0,1
1028,1,0.5280067155067155,1169,1161290.3226,175.0,73.0,37,0,1,0,0,1
1029,1,0.6768777614138439,1203,2740484.4291000003,165.0,71.0,33,1,0,0,0,1
1030,1,0.7055014185271987,490,822580.645175,190.0,72.0,30,1,0,0,0,1
1031,1,0.7364438695933351,2009,4493386.30538385,200.0,74.0,35,0,0,1,0,1
1032,0,0.7699677938808374,136,315076.22822250007,185.0,74.0,27,0,1,0,1,0
1033,1,0.6140642365593812,491,1396475.7705725,180.0,73.0,31,0,1,0,0,1
1034,1,0.6403513761177995,1603,11139240.508000001,210.0,77.0,34,0,0,1,0,1
1035,0,0.8491608481199155,115,313588.850175,180.0,69.0,29,0,1,0,1,0
1036,1,0.586908747531977,609,1248752.673,180.0,73.0,28,0,0,1,0,1
1037,1,0.6368515935361247,2809,8537549.409900002,200.0,76.0,41,0,0,1,0,1
1038,0,0.714833738027789,397,1905770.2485,175.0,70.0,25,0,0,1,0,1
1039,1,0.6611356932153392,735,4181184.668,220.0,74.0,34,0,0,1,0,1
1040,1,0.5474829127234491,472,1838916.6075000002,165.0,69.0,28,0,0,1,0,1
1041,1,0.4885435814132433,213,1215189.8736,215.0,70.0,32,0,0,1,0,1
1042,0,0.7465451684803985,399,1355166.573,195.0,72.0,28,0,0,1,0,1
1043,1,0.7795726680766732,736,2672064.7767000003,150.0,67.0,31,1,0,0,0,1
1044,1,0.8070946184852557,1022,8951048.952000001,175.0,69.0,32,1,0,0,0,1
1045,1,0.6946865919468659,592,5788712.01,172.0,70.0,35,0,1,0,1,0
1046,1,0.7679656022611101,253,451934.19317199994,185.0,71.0,31,0,0,1,0,1
1047,1,0.6365653884872334,230,534900.0,240.0,77.0,31,0,1,0,1,0
1048,1,0.6032213753987947,354,417391.30431999994,175.0,72.0,30,0,1,0,1,0
1049,0,0.6648139519403581,102,501742.16016,170.0,69.0,28,0,0,1,0,1
1050,1,0.8421112687349658,2511,22278481.016000003,230.0,75.0,40,0,0,1,0,1
1051,0,0.9245765420262064,639,5330132.051,180.0,73.0,32,0,1,0,1,0
1052,1,0.640289754260563,1985,3301237.965,205.0,69.0,39,0,0,1,0,1
1053,0,0.8061015720094269,102,395238.09508,225.0,72.0,28,0,1,0,1,0
1054,0,0.8589736070381232,640,2500000.0,200.0,72.0,31,0,0,1,0,1
1055,1,0.7996895424836601,738,1245352.4161472428,205.0,75.0,31,0,0,1,0,1
1056,0,0.7368946098149638,211,186131.38687,180.0,72.0,30,1,0,0,1,0
1057,0,0.6132038065027756,123,511000.0,195.0,71.0,27,0,0,1,0,1
1058,1,0.8543571860655446,1505,8436496.288058229,245.0,76.0,35,0,0,1,0,1
1059,1,0.6425311646027934,2132,11139240.508000001,175.0,67.0,37,1,0,0,0,1
1060,0,0.6656062849292412,107,391304.3478,205.0,74.0,26,0,0,1,0,1
1061,0,0.7154548046763616,107,135483.87097,180.0,75.0,27,0,0,1,0,1
1062,0,0.8138754899005125,105,800000.0,200.0,74.0,33,0,0,1,0,1
1063,1,0.7394330226024773,344,508998.732396,220.0,71.0,25,0,0,1,0,1
1064,1,0.7133080976768351,3369,800426.7656645179,192.0,71.0,44,1,0,0,0,1
1065,0,0.8074681485497425,667,3135888.501,195.0,71.0,32,0,0,1,1,0
1066,0,0.6698508526056266,112,1852387.8432,230.0,74.0,30,0,0,1,0,1
1067,1,0.6209362976734578,1202,14513116.947199998,210.0,72.0,34,0,0,1,0,1
1068,1,0.6974841426363201,932,793795.620475,165.0,72.0,34,0,0,1,0,1
1069,0,0.7138424041409116,106,521518.98742,250.0,75.0,29,0,0,1,0,1
1070,0,0.6940987555198715,128,509356.222951,210.0,73.0,31,0,0,1,0,1
1071,1,0.7169255870043272,816,8618504.433,215.0,70.0,35,0,0,1,0,1
1072,0,0.7504033965065555,105,518000.0,260.0,74.0,28,0,0,1,0,1
1073,1,0.603053585500394,1580,985401.4599,175.0,72.0,38,0,0,1,0,1
1074,0,0.7279728808350859,105,507984.790698,190.0,73.0,25,0,0,1,0,1
1075,0,0.6555183946488294,104,441265.47465499997,200.0,74.0,27,0,0,1,0,1
1076,1,0.5546975546975548,532,1829268.2922500002,190.0,73.0,30,0,0,1,0,1
1077,1,0.755488327264939,586,5148788.9274,185.0,71.0,31,0,0,1,0,1
1078,0,0.9269909080950816,318,1190476.19,185.0,74.0,36,0,0,1,0,1
1079,0,0.7907940663176265,120,133828.99625999999,180.0,72.0,24,0,1,0,0,1
1080,1,0.46519258480352066,233,211267.60559999998,180.0,72.0,26,0,0,1,0,1
1081,1,0.7246960427476188,858,1013215.858775,180.0,69.0,35,0,0,1,0,1
1082,1,0.837606133801786,1315,12913043.4774,200.0,75.0,35,0,0,1,0,1
1083,1,0.6814705247912237,459,6083650.188,235.0,76.0,29,1,0,0,0,1
1084,1,0.6424054408781769,1182,1162629.7578,170.0,71.0,33,0,0,1,0,1
1085,1,0.6750414877001172,213,443478.26083999994,180.0,70.0,27,0,1,0,1,0
1086,0,0.5897536687631026,110,461538.46173999994,205.0,73.0,28,0,0,1,0,1
1087,1,0.7385776424746676,692,6602475.93,200.0,72.0,33,0,0,1,0,1
1088,1,0.6785996314819689,569,2332065.9054,235.0,73.0,31,0,0,1,0,1
1089,1,0.6621231169633208,712,933852.1402,180.0,70.0,35,0,0,1,0,1
1090,1,0.7110178970917226,2094,4859813.08475,175.0,73.0,38,0,0,1,0,1
1091,0,0.6928294203728447,115,1794392.5236000002,195.0,73.0,30,0,1,0,1,0
1092,1,0.7968775950838731,1396,2541026.998,180.0,72.0,37,0,0,1,0,1
1093,1,0.6576241134751772,954,17822784.8128,255.0,71.0,29,1,0,0,0,1
1094,0,0.7920767716535433,517,792316.9265000001,165.0,70.0,32,1,0,0,0,1
1095,1,0.5825096899224806,580,862214.70825,165.0,73.0,30,0,0,1,0,1
1096,1,0.7534332371835388,1524,2315217.3911499996,180.0,73.0,38,0,0,1,0,1
1097,0,0.6946749938367984,354,1440640.2851999998,185.0,71.0,32,1,0,0,0,1
1098,0,0.8150734620598689,411,2900000.0,225.0,76.0,30,0,1,0,0,1
1099,1,0.6071043304053012,1674,6115466.8575,185.0,71.0,32,0,0,1,0,1
1100,0,0.6077284037585358,105,573613.766625,170.0,74.0,30,0,0,1,0,1
1101,0,0.5913801373892423,106,511149.82566300005,205.0,73.0,26,0,1,0,1,0
1102,0,0.6012887553011899,134,504721.02981999994,200.0,73.0,27,0,1,0,1,0
1103,0,0.7704937824459737,505,2317596.5655,215.0,74.0,29,0,1,0,0,1
1104,1,0.742157029961908,2349,4564666.1025,195.0,74.0,39,0,0,1,0,1
1105,1,0.7066378633150039,722,5462145.840899999,210.0,73.0,32,0,1,0,0,1
1106,1,0.5951405152224825,991,2736992.16,175.0,70.0,30,0,0,1,0,1
1107,1,0.6420357230242231,923,2531645.5700000003,185.0,70.0,35,0,1,0,0,1
1108,1,0.5680675287356322,1282,3734853.3147933003,200.0,74.0,34,0,1,0,0,1
1109,0,0.9021804508024699,539,4456671.25275,220.0,72.0,32,0,1,0,0,1
1110,1,0.7257297824364678,1155,6866953.130014305,185.0,70.0,38,0,0,1,0,1
1111,1,0.7605453344277392,215,612244.89775,175.0,71.0,28,0,0,1,0,1
1112,1,0.8452107279693486,644,3460122.6993,170.0,73.0,32,1,0,0,1,0
1113,1,0.8586556300842014,1040,1759082.21765,180.0,71.0,34,0,0,1,0,1
1114,0,0.7348591549295774,314,512500.0,195.0,72.0,26,0,0,1,0,1
1115,1,0.6269769446240034,364,2422085.88951,195.0,74.0,31,0,0,1,0,1
1116,1,0.6939331938017964,1046,17945007.231,205.0,79.0,33,0,0,1,0,1
1117,0,0.7812427474879446,362,1004989.3087500001,190.0,75.0,31,0,0,1,0,1
1118,1,0.7104700854700855,729,1230298.39353,217.0,75.0,31,0,1,0,0,1
1119,1,0.7252476721793166,1848,14855148.345400145,190.0,71.0,40,0,0,1,0,1
1120,1,0.4661822727450291,757,1064516.1290499999,175.0,73.0,31,1,0,0,0,1
1121,1,0.8062937608995548,222,434523.80935,220.0,72.0,26,0,0,1,0,1
1122,0,0.7426987195855981,515,695857.9880700001,175.0,75.0,31,0,1,0,0,1
1123,1,0.663836631932303,241,1801000.5561,185.0,73.0,30,0,0,1,0,1
1124,0,0.6006771204561654,105,247474.048446,175.0,73.0,30,0,0,1,0,1
1125,0,0.8645454545454545,112,450459.82332809997,220.0,72.0,28,0,0,1,0,1
1126,1,0.6759773813005752,479,1033907.72665,190.0,71.0,36,0,0,1,0,1
1127,1,0.7518840467976022,1530,1270513.499,175.0,73.0,39,1,0,0,0,1
1128,1,0.7433087217351176,2040,2230483.2709999997,193.0,71.0,36,1,0,0,0,1
1129,0,0.7786643268331884,130,386881.60094,180.0,72.0,27,0,1,0,1,0
1130,1,0.6407542367979641,676,1565217.3912,195.0,74.0,31,0,1,0,1,0
1131,1,0.7882675016938601,745,5333332.587979254,205.0,74.0,27,0,1,0,1,0
1132,0,0.7960875331564987,459,1854671.8339332181,190.0,73.0,35,0,0,1,0,1
1133,0,0.7986751941525811,133,381154.0497,185.0,72.0,27,0,1,0,1,0
1134,0,0.7646167907037473,117,250306.74846,190.0,75.0,24,0,0,1,0,1
1135,1,0.5790013679890561,650,695984.703505,175.0,71.0,33,0,1,0,0,1
1136,1,0.7705792995853349,1076,3597651.100413179,170.0,69.0,36,0,0,1,0,1
1137,1,0.6932116248999446,2349,4982698.962,150.0,71.0,39,1,0,0,0,1
1138,0,0.7758770255734064,251,1216730.0376,235.0,72.0,26,0,1,0,1,0
1139,1,0.7082598707057755,1609,2457757.296,200.0,74.0,37,0,1,0,1,0
1140,0,0.8004667357015293,340,2090106.8268749998,235.0,76.0,27,0,0,1,0,1
1141,1,0.7282727371983841,924,2491349.481,175.0,76.0,31,0,0,1,0,1
1142,1,0.5977332901064463,367,1088607.5951,180.0,69.0,29,0,1,0,0,1
1143,0,0.7510940387046581,321,629921.26,172.0,71.0,30,0,0,1,0,1
1144,0,0.6228809454615907,213,518631.178527,205.0,70.0,27,0,0,1,0,1
1145,0,0.7231645295677109,101,2700422.278886076,215.0,76.0,23,0,0,1,0,1
1146,1,0.8210599539150472,1726,19860627.173,195.0,73.0,36,0,0,1,0,1
1147,1,0.7177290142807384,818,2944785.276,195.0,74.0,33,0,1,0,0,1
1148,1,0.7790192891664172,2229,578871.201,165.0,72.0,39,0,0,1,0,1
1149,1,0.7210529480742054,473,3201422.8559999997,225.0,73.0,28,0,0,1,0,1
1150,1,0.7359195627047649,1790,580985.9153999999,175.0,73.0,37,0,0,1,0,1
1151,1,0.7772986815240337,1100,2369337.9791,190.0,74.0,34,0,1,0,0,1
1152,0,0.7970537735705712,267,1430536.4515,200.0,73.0,31,0,0,1,0,1
1153,1,0.7588571044856298,249,563478.2608319999,185.0,72.0,28,0,0,1,0,1
1154,1,0.8169935114365462,942,1872749.099,215.0,74.0,32,0,0,1,0,1
1155,0,0.8452041785375118,130,214149.13954,210.0,77.0,26,0,1,0,0,1
1156,1,0.7361413043478261,1410,1811425.9166249998,200.0,69.0,40,0,1,0,0,1
1157,0,0.6853378378378379,116,186457.5909,165.0,69.0,28,0,0,1,0,1
1158,1,0.8586202795667448,608,5042016.805,185.0,73.0,36,0,0,1,0,1
1159,1,0.7484272812208035,1540,1440576.23,195.0,73.0,37,0,0,1,0,1
1160,0,0.654413661455915,103,183626.6259,195.0,73.0,30,0,1,0,1,0
1161,1,0.7896091381295978,784,5420666.292,205.0,76.0,34,0,1,0,1,0
1162,0,0.5655220171901096,109,530575.1070618,200.0,76.0,31,0,0,1,0,1
1163,1,0.7808736620727739,268,448968.36324,225.0,75.0,25,0,1,0,0,1
1164,1,0.7390892730966261,999,1157742.402,175.0,72.0,33,0,0,1,0,1
1165,1,0.5724248789609857,873,2993585.1750000003,165.0,71.0,27,1,0,0,0,1
1166,1,0.5940013404825737,505,2650306.7484,178.0,72.0,28,1,0,0,0,1
1167,0,0.7605596246948145,263,328971.96266,170.0,74.0,33,1,0,0,0,1
1168,1,0.8959960697617293,1349,1288343.55825,190.0,78.0,36,0,1,0,1,0
1169,0,0.820821322128304,722,4157160.9618,205.0,76.0,30,0,0,1,0,1
1170,1,0.6412942399212297,625,3289281.0564381788,215.0,74.0,31,0,1,0,1,0
1171,1,0.7477618894674225,380,978260.8694999999,175.0,69.0,30,0,0,1,0,1
1172,1,0.7223091211262098,265,398809.52365,200.0,72.0,27,0,1,0,1,0
1173,1,0.6243368083858881,1763,1430207.299336816,190.0,72.0,35,0,0,1,0,1
1174,1,0.7257133946670824,1920,6549971.31777781,185.0,73.0,37,0,1,0,0,1
1175,0,0.66285209630938,111,253987.73005500002,175.0,71.0,28,0,1,0,1,0
1176,1,0.703973819541842,928,6000000.0,205.0,71.0,33,0,0,1,0,1
1177,0,0.7703833772314896,408,598130.8412,185.0,74.0,34,1,0,0,0,1
1178,1,0.7121362894558771,493,1011904.7615,195.0,73.0,37,0,1,0,1,0
1179,1,0.863999834100618,918,13517665.128,195.0,73.0,32,0,0,1,0,1
1180,1,0.6865466748017084,357,1493997.3328,225.0,76.0,26,0,1,0,1,0
1181,1,0.763280527256325,1334,11330472.098,195.0,72.0,33,1,0,0,1,0
1182,0,0.7708333333333333,311,944206.3515143059,210.0,71.0,25,0,0,1,0,1
1183,1,0.632518293771194,789,1596774.193575,175.0,75.0,31,0,0,1,0,1
1184,1,0.7182265438482878,516,1070911.72185,170.0,70.0,38,0,0,1,0,1
1185,0,0.7333778817240227,126,212598.42525,185.0,72.0,25,0,1,0,0,1
1186,1,0.8273990413233496,1203,8107074.568299999,185.0,73.0,34,0,0,1,0,1
1187,1,0.7769019607843137,388,1902097.9023000002,185.0,71.0,34,0,0,1,0,1
1188,0,0.8755742411812961,576,1728691.476,205.0,76.0,31,0,1,0,0,1
1189,1,0.5593013526704783,536,2517482.51775,180.0,72.0,28,0,0,1,0,1
1190,0,0.719421101774043,135,266814.8972,175.0,73.0,25,0,1,0,0,1
1191,1,0.7335287567582072,676,4000000.000425,230.0,75.0,28,0,1,0,0,1
1192,1,0.6539945488655269,1661,23125000.0,225.0,75.0,36,1,0,0,0,1
1193,1,0.7953855693744076,1845,16572211.470292266,220.0,69.0,35,0,0,1,0,1
1194,0,0.6882716049382716,349,1903797.46864,200.0,71.0,26,0,0,1,0,1
1195,1,0.6419259561978712,1834,1009946.4424500001,175.0,71.0,34,1,0,0,0,1
1196,1,0.8163225687798432,1099,2235791.968996439,200.0,74.0,36,1,0,0,0,1
1197,1,0.6492263309729871,396,1176051.31875,175.0,72.0,34,0,0,1,0,1
1198,1,0.80822044562884,213,1421272.6422749998,220.0,74.0,31,0,0,1,0,1
1199,1,0.6368122009569378,687,1306620.20875,185.0,71.0,33,0,0,1,0,1
1200,1,0.5840053404539385,218,521519.16363964,205.0,73.0,26,0,1,0,0,1
1201,1,0.5439546519728925,396,987096.77421,170.0,73.0,26,0,0,1,0,1
1202,1,0.8568285528031291,2063,6437047.75512,240.0,77.0,39,0,0,1,0,1
1203,1,0.7808328035600762,1078,1539033.4569899999,210.0,74.0,35,0,0,1,0,1
1204,1,1.0385763000852515,2104,1650618.9825,250.0,76.0,40,0,1,0,0,1
1205,1,0.7474972078383593,1266,2379182.8992277565,200.0,76.0,31,0,1,0,1,0
1206,1,0.6911458333333333,915,2449826.98965,170.0,71.0,34,0,1,0,0,1
1207,1,0.6911458333333333,915,498269.8962,170.0,71.0,34,0,1,0,0,1
1208,0,0.8704968715495032,1111,3197231.83395,165.0,71.0,31,0,0,1,0,1
1209,1,0.6341000548747028,827,2202643.17125,160.0,71.0,33,0,0,1,0,1
1210,0,0.6518981576370386,120,439942.11276,225.0,75.0,25,0,1,0,0,1
1211,1,0.7241527759548497,1347,2408759.1242,200.0,75.0,37,0,0,1,0,1
1212,0,0.645377488665484,124,531468.531525,225.0,71.0,30,0,1,0,0,1
1213,1,0.5468101280626864,496,813380.2815599999,160.0,69.0,32,1,0,0,0,1
1214,0,0.8201581822447133,258,7500000.0,250.0,74.0,26,0,0,1,0,1
1215,1,0.6439251875246743,486,1545064.3769999999,195.0,70.0,35,1,0,0,0,1
1216,0,0.705209994683679,226,3201422.8559999997,200.0,71.0,33,0,0,1,0,1
1217,0,0.5851969696969697,103,162299.2392,194.0,72.0,27,0,1,0,1,0
1218,1,0.7940053266838479,442,453571.42839,205.0,73.0,26,0,1,0,0,1
1219,1,0.884521202636749,2029,3035294.117685,165.0,72.0,35,0,0,1,0,1
1220,1,0.7477253928866832,275,2001111.729,205.0,75.0,31,0,0,1,0,1
1221,0,0.7854450795087997,101,511200.0,190.0,69.0,25,0,0,1,0,1
1222,0,0.7865641266486635,471,1356828.19349,170.0,70.0,28,0,1,0,0,1
1223,0,0.8105919003115265,1257,612676.05624,150.0,73.0,37,0,0,1,0,1
1224,1,0.6889014084507042,1149,2457757.296,185.0,74.0,34,0,1,0,0,1
1225,1,0.7611041367766619,929,20000000.0,205.0,75.0,32,0,0,1,0,1
1226,0,0.686551501453019,219,463096.9608,170.0,73.0,30,0,1,0,1,0
1227,1,0.6707319100824687,1227,13541914.500456754,210.0,71.0,33,0,0,1,0,1
1228,1,0.6989366279427132,1074,1825866.441,185.0,72.0,31,0,1,0,1,0
1229,1,0.620034542314335,1138,13637515.8381,185.0,75.0,30,0,0,1,0,1
1230,1,0.6009117551286226,734,1805661.209261247,155.0,70.0,31,1,0,0,0,1
1231,1,0.7770481711383574,1332,6590621.0370000005,245.0,72.0,35,0,0,1,0,1
1232,0,0.8181481481481481,130,384330.3334475,191.0,72.0,27,0,1,0,1,0
1233,1,0.6946122059758424,933,733740.9673,170.0,72.0,35,0,0,1,0,1
1234,1,0.819794106167057,1362,1086309.523375,175.0,70.0,37,1,0,0,0,1
1235,0,0.7484575909588883,498,3930796.4014332183,200.0,74.0,33,0,0,1,0,1
1236,1,0.8181572879360252,803,717391.3043,180.0,73.0,37,0,1,0,1,0
1237,1,0.6978236537744061,1495,5748987.8529,190.0,73.0,34,0,1,0,0,1
1238,1,0.7030510665804783,1301,5594405.595000001,230.0,74.0,37,1,0,0,0,1
1239,0,0.6362663241275958,103,628652.8867500001,190.0,71.0,31,0,1,0,0,1
1240,1,0.7657299042447812,1464,11180124.227250002,195.0,72.0,36,0,0,1,0,1
1241,1,0.8053145216488927,1411,16231240.024358163,225.0,73.0,35,0,1,0,0,1
1242,1,0.6141397981786857,554,2097902.098125,195.0,71.0,33,0,1,0,0,1
1243,1,0.7535911602209945,490,4250871.080150001,185.0,72.0,38,0,0,1,0,1
1244,0,0.6020817965740513,108,492700.72995,185.0,70.0,29,0,1,0,0,1
1245,1,0.6127636021475619,697,4309252.2165,205.0,75.0,32,0,1,0,1,0
1246,1,0.698984962406015,1871,1524616.1988,185.0,73.0,37,0,1,0,0,1
1247,1,0.7465944272445821,539,3039615.8453,166.0,69.0,28,1,0,0,0,1
1248,1,0.6859931601058248,416,2839036.7544,240.0,71.0,25,0,0,1,0,1
1249,1,0.8013084652642233,1088,13390557.933999998,190.0,69.0,33,0,0,1,0,1
1250,1,0.7748057452319284,1096,8683068.015,175.0,71.0,33,1,0,0,0,1
1251,1,0.6704715194438369,839,5780988.994641838,170.0,69.0,33,0,1,0,0,1
1252,1,0.6850933908045977,616,1825866.441,180.0,73.0,32,0,0,1,0,1
1253,1,0.6848279917671274,910,1524616.1988,150.0,73.0,36,1,0,0,0,1
1254,1,0.6725411821705426,2482,1513067.400625,180.0,69.0,43,1,0,0,0,1
1255,1,0.7106337271750806,273,527500.0,225.0,72.0,32,0,1,0,0,1
1256,1,0.6423412889469702,530,836431.2266249999,198.0,72.0,29,0,1,0,0,1
1257,1,0.6137316561844863,330,1188475.38975,195.0,71.0,30,1,0,0,0,1
1258,1,0.6087705270926871,346,1054671.2802900001,170.0,69.0,35,1,0,0,0,1
1259,1,0.8102864307697318,574,1056338.028,205.0,75.0,28,0,1,0,0,1
1260,1,0.897756740712969,1616,16521739.56411594,185.0,74.0,37,0,1,0,0,1
1261,0,0.8228897273922076,932,10550000.0,210.0,75.0,31,1,0,0,0,1
1262,1,0.8285400363515227,824,3072196.62,180.0,72.0,32,0,1,0,0,1
1263,1,0.6265661002304148,234,1000000.0,250.0,74.0,30,0,1,0,0,1
1264,0,0.8586386349028633,1937,5526315.788175,220.0,75.0,37,0,0,1,0,1
1265,1,0.7744397993311036,479,1257042.25332,180.0,72.0,33,0,1,0,0,1
1266,0,0.892258925592259,442,787401.575,175.0,73.0,30,0,0,1,0,1
1267,1,0.7232862001073922,388,1167434.7156,240.0,74.0,30,0,1,0,1,0
1268,1,0.7132231874183841,1080,986993.1142125,195.0,74.0,37,0,0,1,0,1
1269,0,0.753656914893617,225,1214723.92635,200.0,74.0,33,1,0,0,0,1
1270,1,0.7474260936431989,1406,1887096.774225,190.0,72.0,35,0,1,0,1,0
1271,0,0.7505800348518795,108,1089570.5521200001,185.0,69.0,33,0,0,1,0,1
1272,1,0.7543067877037343,570,196721.3115,185.0,72.0,33,1,0,0,1,0
1273,0,0.608834930548078,118,504355.4005775,170.0,69.0,25,1,0,0,0,1
1274,1,0.776829268292683,1015,1500000.0,210.0,72.0,34,0,0,1,0,1
1275,1,0.6372223897095769,1179,4321728.69,175.0,72.0,36,1,0,0,0,1
1276,0,0.5499577141476379,103,300000.000005,170.0,72.0,30,0,0,1,0,1
1277,1,0.6307159924198731,1597,25383200.332136724,230.0,73.0,35,0,0,1,0,1
1278,1,0.7521263554926921,1120,21733615.0,235.0,77.0,37,0,0,1,0,1
1279,1,0.8606000211549489,2203,5702421.591766782,160.0,71.0,36,0,1,0,0,1
1280,0,0.8023618299720388,1670,6775832.865000001,170.0,73.0,39,1,0,0,0,1
1281,1,0.6345944632804166,1998,1935483.871,165.0,71.0,39,0,0,1,0,1
1282,0,0.7461712505542732,300,844290.103816782,210.0,75.0,27,1,0,0,0,1
1283,1,0.7904743975903614,781,3493912.12225,193.0,73.0,32,0,0,1,0,1
1284,1,0.7641037777712038,1119,1548387.0968,200.0,74.0,37,0,1,0,0,1
1285,0,0.7658356026097197,249,1296518.607,195.0,75.0,28,0,0,1,0,1
1286,1,0.6884920634920635,920,4181184.668,215.0,72.0,35,0,0,1,0,1
1287,1,0.7861084710427078,726,5036179.4487,200.0,72.0,30,0,1,0,1,0
1288,1,0.6023468609675506,620,684248.04,158.0,69.0,31,1,0,0,0,1
1289,0,0.9365381165919282,136,352941.176475,210.0,74.0,26,0,1,0,0,1
1290,1,0.7676014874496436,1929,1785714.2850000001,180.0,74.0,38,1,0,0,0,1
1291,1,0.7392508510918427,573,3307928.919868897,190.0,74.0,34,0,0,1,0,1
1292,1,0.7094351568341711,1027,7210300.425999999,230.0,74.0,34,0,0,1,0,1
1293,1,0.7799064579960424,1370,12196499.157000002,205.0,74.0,36,0,0,1,0,1
1294,0,0.7075446146438352,128,131386.86132,185.0,71.0,26,0,0,1,0,1
1295,0,0.7347185908903262,136,442836.468765,185.0,71.0,26,1,0,0,0,1
1296,1,0.8531460014835974,402,1461090.52385,217.0,74.0,28,0,0,1,0,1
1297,1,0.6151881324295118,867,4446797.2465,190.0,75.0,35,0,0,1,0,1
1298,0,0.6628491989937773,113,308283.31322,160.0,71.0,26,1,0,0,0,1
1299,1,0.6573635174893756,864,1377199.69425,190.0,73.0,32,0,0,1,0,1
1300,1,0.790630360205832,997,6251808.9708,200.0,72.0,30,0,0,1,0,1
1301,1,0.655602690514408,971,2065799.541375,170.0,70.0,34,1,0,0,0,1
1302,1,0.7144807231138166,831,4761904.76,193.0,74.0,32,0,0,1,0,1
1303,1,0.6492637472198788,2112,1162629.7578,190.0,75.0,38,1,0,0,0,1
1304,1,0.7673289876214922,2774,4484429.0658,220.0,78.0,42,0,0,1,0,1
1305,1,0.5569917332212415,482,898075.5525,185.0,71.0,31,0,1,0,0,1
1306,1,0.6713416694829335,1413,10741258.742400002,175.0,74.0,35,1,0,0,0,1
1307,1,0.555798049056337,1135,2457757.296,160.0,69.0,36,0,1,0,0,1
1308,0,0.7114776489451727,104,1010869.5651499999,190.0,72.0,27,0,0,1,0,1
1309,1,0.6502881638485354,278,381025.2487425,160.0,72.0,25,0,0,1,0,1
1310,1,0.6980638576121974,1439,20278833.96,205.0,72.0,32,0,0,1,0,1
1311,1,0.4834498834498835,522,892193.3083999999,180.0,71.0,27,1,0,0,0,1
1312,1,0.6760033227765951,954,1226765.7990499998,190.0,73.0,29,1,0,0,0,1
1313,1,0.6396103896103896,730,677419.35485,175.0,71.0,30,0,1,0,1,0
1314,1,0.8327042952604486,795,13072476.661999999,220.0,73.0,32,0,0,1,0,1
1315,1,0.7729435031268374,1102,2531645.5700000003,200.0,74.0,32,0,0,1,0,1
1316,1,0.7072024573629194,726,7055749.12725,240.0,75.0,27,0,0,1,0,1
1317,1,0.7000203324353174,234,489133.4251475,209.0,70.0,28,1,0,0,0,1
1318,1,0.8692571037315988,1196,578871.201,295.0,74.0,34,1,0,0,0,1
1319,1,0.7576983755989248,1412,1270513.499,180.0,69.0,37,0,0,1,0,1
1320,0,0.7499567099567099,141,171319.311632,190.0,73.0,27,0,0,1,0,1
1321,1,0.6020288397048961,403,599118.94258,185.0,74.0,27,1,0,0,0,1
1322,1,0.73002442002442,876,7504168.98375,210.0,75.0,33,0,0,1,0,1
1323,1,0.7326285805985717,489,739436.6195999999,195.0,74.0,27,1,0,0,0,1
1324,1,0.7312366452991452,1947,18927012.867177047,200.0,73.0,37,0,0,1,0,1
1325,1,0.7049842915624487,2760,4484429.0658,165.0,72.0,38,0,0,1,0,1
1326,1,0.7519017739561547,456,4052098.407,170.0,70.0,36,1,0,0,0,1
1327,1,0.6753091808526117,1730,1270513.499,190.0,73.0,39,0,0,1,0,1
1328,1,0.668315960768791,265,368719.72318800003,220.0,76.0,27,0,0,1,0,1
