Name,CH,CU,EP,FC,FF,FO,FS,FT,KC,KN,PO,SC,SI,SL
Fernando Abad,0.22496749,0,0,0,0.288686606,0,0,0.235370611,0.250975293,0,0,0,0,0
Tim Adleman,0.199231877,0.151704273,0,0,0.551128181,0,0,0.096495439,0,0,0.00144023,0,0,0
Andrew Albers,0.077455048,0.081604426,0,0,0.248962656,0,0,0,0,0,0,0,0.398340249,0.193637621
Matt Albers,0.059236948,0.001004016,0,0,0.375502008,0,0,0,0,0,0.001004016,0,0.298192771,0.265060241
Al Alburquerque,0.019011407,0,0,0,0.133079848,0,0,0.30418251,0,0,0,0,0,0.543726236
Raul Alcantara,0.187358916,0.020316027,0,0,0.372460497,0,0,0.248306998,0,0,0,0,0,0.171557562
Scott Alexander,0.017941454,0,0,0,0.119924457,0,0,0,0,0,0,0,0.819641171,0.042492918
Cody Allen,0,0,0,0,0.55581761,0,0,0,0.44418239,0,0,0,0,0
Dan Altavilla,0,0,0,0,0.597131682,0,0,0.029986962,0,0,0,0,0,0.372881356
Jose Alvarado,0,0.241900648,0,0,0.598272138,0,0,0.159827214,0,0,0,0,0,0
Dario Alvarez,0,0,0,0,0.375394322,0,0,0.009463722,0,0,0,0,0,0.615141956
Henderson Alvarez,0.252873563,0.042145594,0.026819923,0,0.406130268,0,0,0.210727969,0,0,0,0,0,0.061302682
Jose Alvarez,0.171052632,0.189473684,0,0.032894737,0.346052632,0,0,0.211842105,0,0,0,0,0,0.048684211
Brett Anderson,0.142697882,0,0,0,0.182831661,0,0,0,0.121516165,0,0,0,0.337792642,0.21516165
Chase Anderson,0.161190053,0.18250444,0,0.11722913,0.387211368,0,0,0.151865009,0,0,0,0,0,0
Tyler Anderson,0.306980057,0.001424501,0,0.225783476,0.45014245,0,0,0.015669516,0,0,0,0,0,0
Matt Andriese,0.306136681,0.170153417,0,0,0.442119944,0,0,0,0,0,0.00069735,0,0,0.080892608
Jayson Aquino,0.189873418,0.080168776,0,0.232067511,0.493670886,0,0,0.004219409,0,0,0,0,0,0
Victor Arano,0.034883721,0,0,0,0.238372093,0,0,0.203488372,0,0,0,0,0,0.523255814
Chris Archer,0.080388693,0,0,0,0.474087161,0,0,0,0,0,0,0,0,0.445524146
Shawn Armstrong,0,0,0,0.186046512,0.576744186,0,0,0.06744186,0,0,0,0,0,0.169767442
Jake Arrieta,0.082481254,0.144171779,0,0,0.021472393,0,0,0,0,0,0,0,0.610429448,0.141445126
Bronson Arroyo,0.096774194,0.280732345,0,0.074978204,0.235396687,0,0,0,0,0,0,0,0.10462075,0.20749782
Alec Asher,0.083333333,0.143258427,0,0.175093633,0.1582397,0,0,0.438202247,0,0,0,0,0,0.001872659
Luis Avilan,0.493946731,0.089588378,0,0,0.020581114,0,0,0.395883777,0,0,0,0,0,0
John Axford,0,0.162790698,0,0,0.319238901,0,0,0.357293869,0,0,0.00422833,0,0,0.156448203
Pedro Baez,0.111584327,0,0,0,0.54088586,0,0,0.18483816,0,0,0,0,0,0.162691652
Homer Bailey,0.000635728,0,0,0,0.382708201,0,0.1913541,0.172917991,0.043229498,0,0,0,0,0.209154482
Anthony Banda,0.193779904,0.172248804,0,0,0.633971292,0,0,0,0,0,0,0,0,0
Johnny Barbato,0.010460251,0.215481172,0,0,0.192468619,0,0,0.349372385,0,0,0,0,0,0.232217573
Danny Barnes,0.278457197,0,0,0,0.661335842,0,0,0.014111007,0,0,0,0,0,0.046095955
Jacob Barnes,0,0,0,0.455211726,0.543159609,0,0,0,0,0,0,0,0,0.001628664
Matt Barnes,0,0.314214464,0,0,0.549459684,0,0,0,0,0,0.000831255,0,0,0.135494597
Tony Barnette,0,0.180676329,0,0.463768116,0.244444444,0,0.046376812,0,0,0,0,0,0.0647343,0
Kyle Barraclough,0.043402778,0,0,0,0.542534722,0,0,0,0,0,0,0,0,0.4140625
Jake Barrett,0,0,0,0,0.683651805,0,0.04670913,0.002123142,0,0,0,0,0,0.267515924
Trevor Bauer,0.075757576,0,0,0.116666667,0.35969697,0,0,0.133333333,0.303636364,0,0,0,0,0.010909091
Buddy Baumann,0.03030303,0,0,0,0.393939394,0,0,0.37037037,0,0,0,0,0,0.205387205
Chris Beck,0.106179286,0,0,0,0.505657093,0,0,0.080939948,0,0,0,0,0,0.307223673
Cam Bedrosian,0,0,0,0,0.576470588,0,0,0,0,0,0.00130719,0,0,0.422222222
Matt Belisle,0.005279831,0.114044351,0,0,0.459345301,0,0,0.092925026,0,0,0,0,0,0.328405491
Jeff Beliveau,0.064189189,0.179054054,0,0.094594595,0.658783784,0,0,0.003378378,0,0,0,0,0,0
Chad Bell,0.104465038,0,0,0.188711036,0.067396799,0,0,0.51727043,0,0,0,0,0,0.122156698
Joaquin Benoit,0.279907085,0,0,0,0.50174216,0,0,0.092915215,0,0,0,0,0,0.12543554
Christian Bergman,0.112640801,0.121401752,0,0,0,0,0,0,0,0,0,0,0.485607009,0.280350438
Jose Berrios,0.085819371,0.301593788,0,0,0.310175725,0,0,0.302002452,0,0,0.000408664,0,0,0
Dellin Betances,0,0,0,0,0.460050463,0,0,0,0.384356602,0,0,0,0,0.155592935
Chad Bettis,0.270380435,0.154891304,0,0,0.403532609,0,0,0.107336957,0,0,0,0,0,0.063858696
Joe Biagini,0.1438179,0.215209519,0,0.095706156,0.061562338,0,0,0.483186756,0,0,0.000517331,0,0,0
Austin Bibens-Dirkx,0.15969257,0.133219471,0,0,0.289496157,0,0,0.12382579,0,0,0,0,0,0.293766012
Ty Blach,0.237564664,0.106247513,0,0,0.013131715,0,0,0,0,0,0,0,0.587345802,0.055710306
Paul Blackburn,0.091880342,0.091880342,0,0,0.081196581,0,0,0.474358974,0,0,0,0,0,0.260683761
Joe Blanton,0.154248366,0.118954248,0,0,0.282352941,0,0,0.103267974,0,0,0,0,0,0.341176471
Richard Bleier,0.072687225,0,0,0.254405286,0.067180617,0,0,0,0,0,0,0,0.570484581,0.035242291
Jerry Blevins,0.041575492,0.501094092,0,0,0.449671772,0,0,0.007658643,0,0,0,0,0,0
Mike Bolsinger,0.02781457,0.331125828,0,0.348344371,0.136423841,0,0,0,0,0,0,0,0,0.156291391
Lisalverto Bonilla,0.26993865,0.231595092,0,0,0.354294479,0,0,0.139570552,0,0,0.004601227,0,0,0
Buddy Boshers,0.157142857,0.353571429,0,0,0,0,0,0,0,0,0,0,0.489285714,0
Brad Boxberger,0.23,0.004,0,0,0.656,0,0,0,0,0,0,0,0,0.11
Matthew Boyd,0.208208636,0.180846516,0,0,0.250534416,0,0,0.244548953,0,0,0,0,0,0.115861479
Blaine Boyer,0,0.076700434,0,0,0.373371925,0,0,0.182344428,0,0,0,0,0,0.367583213
Brad Brach,0.221276596,0,0,0.02212766,0.575319149,0,0.000851064,0.037446809,0,0,0,0,0,0.142978723
Silvino Bracho,0.300859599,0,0,0,0.492836676,0,0,0.014326648,0,0,0,0,0,0.191977077
Chasen Bradford,0.037549407,0,0,0,0.235177866,0,0,0,0,0,0,0,0.470355731,0.256916996
Archie Bradley,0.000787402,0,0,0,0.750393701,0,0,0.013385827,0.209448819,0,0,0,0,0.025984252
Michael Brady,0.114606742,0.060674157,0,0.471910112,0.305617978,0,0,0.047191011,0,0,0,0,0,0
Steven Brault,0.123630673,0.018779343,0,0,0.580594679,0,0,0.142410016,0,0,0,0,0,0.13458529
John Brebbia,0.023498695,0.002610966,0,0,0.497389034,0,0,0.069190601,0,0,0.001305483,0,0,0.406005222
Craig Breslow,0.18381113,0.192242833,0,0,0.037099494,0,0,0.586846543,0,0,0,0,0,0
Austin Brice,0.01010101,0.133333333,0,0,0.2,0,0,0,0,0,0,0,0.424242424,0.232323232
Parker Bridwell,0.099544937,0.205915813,0,0.17519909,0.342434585,0,0,0.176905575,0,0,0,0,0,0
Zach Britton,0,0,0,0,0.071672355,0,0,0,0,0,0,0,0.875426621,0.052901024
Rex Brothers,0.005277045,0,0,0,0.654353562,0,0,0,0,0,0,0,0,0.340369393
Jonathan Broxton,0,0,0,0,0.527027027,0,0,0.118243243,0,0,0.003378378,0,0,0.351351351
Jake Buchanan,0.097345133,0.115044248,0,0,0.420353982,0,0,0,0,0,0,0,0.097345133,0.269911504
Ryan Buchter,0,0.079307201,0,0.105742935,0.814949863,0,0,0,0,0,0,0,0,0
Madison Bumgarner,0.054918527,0.155099578,0,0.36089318,0.129149065,0,0,0.29993965,0,0,0,0,0,0
Aaron Bummer,0.018716578,0,0,0,0.163101604,0,0,0,0,0,0,0,0.449197861,0.368983957
Dylan Bundy,0.134895279,0.102946397,0,0,0.440539581,0,0,0.096556621,0,0,0,0,0,0.225062123
Alan Busenitz,0.00589391,0.292730845,0,0,0.628683694,0,0,0.072691552,0,0,0,0,0,0
Matt Bush,0.001059322,0.137711864,0,0.121822034,0.451271186,0,0,0.240466102,0,0,0,0,0,0.047669492
Eddie Butler,0.09190372,0.154266958,0,0.048140044,0.425601751,0,0,0.280087527,0,0,0,0,0,0
Trevor Cahill,0.212360289,0,0,0.103879027,0.021696252,0,0,0,0.218934911,0,0,0,0.44312952,0
Matt Cain,0.109073359,0.230212355,0,0,0.353281853,0,0,0.200289575,0,0,0.000965251,0,0,0.106177606
Leonel Campos,0.03539823,0,0,0,0.473451327,0,0,0.022123894,0,0,0,0,0,0.469026549
Carter Capps,0.010471204,0,0,0,0.617801047,0,0,0,0.371727749,0,0,0,0,0
Carlos Carrasco,0.16352,0.18144,0,0,0.39296,0,0,0.096,0,0,0,0,0,0.16608
Andrew Cashner,0.134929685,0.082858229,0,0,0.128468263,0,0,0.540478905,0,0,0,0,0,0.113264918
Santiago Casilla,0.048086359,0,0,0,0.211972522,0,0,0.410206084,0.214916585,0,0,0,0,0.114818449
Luis Castillo,0.224393531,0,0,0,0.465633423,0,0,0.157008086,0,0,0.000673854,0,0,0.152291105
Miguel Castro,0.104854369,0,0,0,0.018446602,0,0,0,0,0,0,0,0.6,0.276699029
Simon Castro,0,0,0,0,0.729411765,0,0,0.010084034,0,0,0,0,0,0.260504202
Brett Cecil,0.131282051,0,0,0.168205128,0.30974359,0,0,0,0.291282051,0,0,0,0.099487179,0
Luis Cessa,0.192307692,0.088141026,0,0,0.418269231,0,0,0.001602564,0,0,0,0,0,0.299679487
Jhoulys Chacin,0.060418812,0.040508067,0,0,0.163062135,0,0,0.382766907,0,0,0,0,0,0.353244078
Andrew Chafin,0.004474273,0.001118568,0,0,0.197986577,0,0,0,0,0,0,0,0.406040268,0.390380313
Aroldis Chapman,0.034722222,0,0,0,0.766865079,0,0,0,0,0,0,0,0.000992063,0.197420635
Tyler Chatwood,0.042293615,0.110614071,0,0.212688085,0.344855632,0,0,0.289548597,0,0,0,0,0,0
Jesse Chavez,0.144155844,0.080519481,0,0.057142857,0.410822511,0,0,0.145454545,0,0,0.001731602,0,0,0.16017316
Wei-Yin Chen,0.131845842,0.129817444,0,0,0.54158215,0,0,0.107505071,0,0,0.002028398,0,0,0.087221095
Tony Cingrani,0.059493671,0,0,0,0.813924051,0,0,0,0,0,0,0,0,0.126582278
Steve Cishek,0.013717421,0,0,0,0.021947874,0,0,0,0,0,0,0,0.477366255,0.48696845
Alex Claudio,0.300531915,0,0,0,0.00177305,0,0,0,0,0,0,0,0.564716312,0.132978723
Mike Clevinger,0.163104089,0.114312268,0,0,0.527416357,0,0,0.00464684,0,0,0,0,0,0.190520446
Tyler Clippard,0.355795148,0,0,0,0.380053908,0,0.264150943,0,0,0,0,0,0,0
Alex Cobb,0,0,0,0,0.516332982,0,0.142606252,0,0.340709519,0,0.000351247,0,0,0
A.J. Cole,0.065101387,0.177161153,0,0,0.459978655,0,0,0.08751334,0,0,0,0,0,0.210245464
Gerrit Cole,0.103322158,0,0,0,0.470588235,0,0,0.130752819,0.120999695,0,0.000914355,0,0,0.173422737
Josh Collmenter,0.339869281,0.117647059,0,0.522875817,0.019607843,0,0,0,0,0,0,0,0,0
Alex Colome,0.046231156,0,0,0.629145729,0.324623116,0,0,0,0,0,0,0,0,0
Bartolo Colon,0.097721297,0,0,0.003067485,0.197195443,0,0,0.629272568,0,0,0,0,0,0.072743208
Adam Conley,0.185938408,0,0,0,0.639163277,0,0,0,0,0,0,0,0,0.174898315
Patrick Corbin,0.091793707,0,0,0,0.272786247,0,0,0.259163153,0,0,0,0,0,0.376256893
Jarred Cosart,0.084536082,0,0,0.004123711,0.107216495,0,0,0,0.129896907,0,0,0,0.571134021,0.103092784
Jharel Cotton,0.215903837,0.085991678,0,0,0.337956542,0,0,0.134535368,0,0,0,0,0,0.225612575
Danny Coulombe,0.003314917,0.374585635,0,0,0.159116022,0,0,0,0,0,0,0,0.135911602,0.327071823
Dylan Covey,0.109577222,0.115616911,0,0.0405522,0.293356342,0,0,0.277825712,0,0,0,0,0,0.163071613
Stefan Crichton,0,0,0,0,0.06504065,0,0,0,0,0,0,0,0.605691057,0.329268293
Kyle Crick,0.052892562,0,0,0.309090909,0.4,0,0,0.034710744,0,0,0,0,0,0.203305785
Johnny Cueto,0.203564356,0.001188119,0,0.062178218,0.317623762,0,0,0.185742574,0,0,0,0,0,0.22970297
Yu Darvish,0.025851582,0.055656934,0.001520681,0.15176399,0.342761557,0,0,0.167274939,0,0,0,0,0,0.255170316
Zach Davies,0.139746506,0.154371141,0,0.127396815,0,0,0,0.578485538,0,0,0,0,0,0
Rookie Davis,0.065259117,0.02303263,0,0.174664107,0.468330134,0,0,0.165067179,0,0,0,0,0,0.103646833
Wade Davis,0,0,0,0.300675676,0.445101351,0,0,0.043074324,0.211148649,0,0,0,0,0
Grant Dayton,0,0.160098522,0,0,0.81773399,0,0,0.022167488,0,0,0,0,0,0
Chase De Jong,0.128820961,0.148471616,0,0,0.410480349,0,0,0.179039301,0,0,0,0,0,0.133187773
Jorge De La Rosa,0,0.053691275,0,0.124161074,0.475391499,0,0.342281879,0.004474273,0,0,0,0,0,0
Jacob deGrom,0.124604681,0.100253004,0,0,0.395635674,0,0,0.157811512,0,0,0,0,0,0.22169513
Randall Delgado,0.266666667,0.02,0,0,0.438095238,0,0,0.122857143,0,0,0,0,0,0.152380952
Matt Dermody,0.008797654,0.005865103,0,0,0.17888563,0,0,0.387096774,0,0,0,0,0,0.419354839
Odrisamer Despaigne,0.124223602,0.032091097,0,0.310559006,0.339544513,0,0,0,0,0,0,0,0.193581781,0
Chris Devenski,0.383144476,0,0,0,0.406515581,0,0,0,0,0,0,0,0,0.210339943
Dayan Diaz,0.161048689,0,0,0,0.558052434,0,0,0.041198502,0,0,0,0,0,0.239700375
Edwin Diaz,0,0,0,0,0.685004437,0,0,0,0,0,0.000887311,0,0,0.314108252
Jumbo Diaz,0,0,0,0,0.382189239,0,0,0.089053803,0,0,0,0,0,0.528756957
Miguel Diaz,0.147477361,0,0,0,0.196636481,0,0,0.455368693,0,0,0,0,0,0.200517464
R.A. Dickey,0,0,0.01773913,0,0.16973913,0,0,0,0,0.812173913,0.000347826,0,0,0
Jake Diekman,0,0,0,0,0,0,0,0,0,0,0,0,0.680851064,0.319148936
Sean Doolittle,0,0.002430134,0,0,0.878493317,0,0.071688943,0,0,0,0,0,0,0.047387606
Oliver Drake,0,0,0,0,0.514312977,0,0.485687023,0,0,0,0,0,0,0
Brian Duensing,0.138086643,0.134476534,0,0,0.294223827,0,0,0,0,0,0.000902527,0,0.193140794,0.239169675
Tyler Duffey,0.054222222,0,0,0,0.234666667,0,0,0.36,0.351111111,0,0,0,0,0
Danny Duffy,0.228671944,0.006596306,0,0,0.247581354,0,0,0.226033421,0,0,0,0,0,0.291116974
Zach Duke,0.047101449,0.192028986,0,0,0.036231884,0,0,0,0,0,0,0,0.528985507,0.195652174
Ryan Dull,0.099726776,0,0,0,0.493169399,0,0,0,0,0,0,0,0,0.407103825
Mike Dunn,0,0.066059226,0,0,0.511389522,0,0,0.006833713,0,0,0,0,0,0.41571754
Sam Dyson,0.147788565,0.028047465,0,0,0.165048544,0,0,0.478964401,0,0,0,0,0,0.180151025
Josh Edgin,0.029363785,0.195758564,0,0,0.450244698,0,0,0.009787928,0,0,0,0,0,0.314845024
Carl Edwards Jr.,0,0.298785425,0,0,0.700404858,0,0,0.000809717,0,0,0,0,0,0
Zach Eflin,0.07480315,0.11515748,0,0,0.30511811,0,0,0.376968504,0,0,0,0,0,0.127952756
Jerad Eickhoff,0.005161896,0.327545753,0,0,0.372595026,0,0,0.122008447,0,0,0,0,0,0.172688878
Brian Ellington,0.090322581,0.152688172,0,0,0.63655914,0,0,0.119354839,0,0,0.001075269,0,0,0
Paolo Espino,0.07852194,0.228637413,0,0,0.364896074,0,0,0.19630485,0,0,0,0,0,0.131639723
Carlos Estevez,0.080617496,0,0,0,0.696397942,0,0,0.04974271,0,0,0,0,0,0.173241852
Marco Estrada,0.318545903,0.07732594,0,0.06900801,0.535120148,0,0,0,0,0,0,0,0,0
Jeurys Familia,0,0,0,0,0.216545012,0,0.055961071,0,0,0,0,0,0.571776156,0.155717762
Jake Faria,0,0.043719639,0,0,0.539208883,0,0.170714781,0,0,0,0.002081888,0,0,0.244274809
Buck Farmer,0.164444444,0.006666667,0,0,0.488888889,0,0,0.131111111,0,0,0,0,0,0.208888889
Danny Farquhar,0.335214447,0.106094808,0,0,0.553047404,0,0,0.005643341,0,0,0,0,0,0
Luke Farrell,0.093495935,0.081300813,0,0,0.56504065,0,0,0.008130081,0,0,0,0,0,0.25203252
Erick Fedde,0,0.100671141,0,0.077181208,0.053691275,0,0.214765101,0,0,0,0,0,0.496644295,0.05704698
Scott Feldman,0.0409234,0.264952781,0,0.339979014,0.060860441,0,0,0,0,0,0.000524659,0,0.292759706,0
Michael Feliz,0.011123471,0,0,0,0.717463849,0,0,0,0,0,0,0,0,0.271412681
Neftali Feliz,0.160566706,0,0,0,0.628099174,0,0,0,0,0,0,0,0,0.21133412
Josh Fields,0.024175824,0,0,0,0.791208791,0,0,0,0.184615385,0,0,0,0,0
Casey Fien,0,0.153846154,0,0,0.322115385,0,0,0.076923077,0,0,0,0,0,0.447115385
Mike Fiers,0.180988593,0.193155894,0,0.039163498,0.327376426,0,0,0.203802281,0,0,0,0,0,0.055513308
Brandon Finnegan,0.186721992,0,0,0,0.261410788,0,0,0,0,0,0,0,0.423236515,0.128630705
Doug Fister,0.070745698,0.169534736,0,0.164435946,0.007010835,0,0,0,0,0,0,0,0.588272785,0
Jack Flaherty,0.058988764,0,0,0,0.29494382,0,0,0.258426966,0.137640449,0,0,0,0,0.25
Chris Flexen,0.084522503,0.087815587,0,0,0.194291987,0,0,0.424807903,0,0,0,0,0,0.20856202
Mike Foltynewicz,0.05599711,0.11632948,0,0,0.387644509,0,0,0.215317919,0,0,0,0,0,0.224710983
Kyle Freeland,0.076380729,0.038386212,0,0,0.262044653,0,0,0.366235801,0,0,0,0,0,0.256952605
Sam Freeman,0,0.221987315,0,0,0.395348837,0,0.204016913,0.178646934,0,0,0,0,0,0
Max Fried,0.097156398,0.27014218,0,0.049763033,0.571090047,0,0,0.011848341,0,0,0,0,0,0
Carson Fulmer,0.105386417,0.12412178,0,0.241217799,0.494145199,0,0,0.035128806,0,0,0,0,0,0
Michael Fulmer,0.188839466,0,0,0,0.267286696,0,0,0.329154873,0.004852406,0,0,0,0,0.209866559
Yovani Gallardo,0.099868594,0.1760841,0,0,0.316250548,0,0,0.192290845,0,0,0,0,0,0.215505913
Giovanny Gallegos,0.049586777,0,0,0,0.636363636,0,0,0,0,0,0,0,0,0.314049587
John Gant,0.196551724,0.093103448,0,0,0.320689655,0,0,0.331034483,0,0,0,0,0,0.05862069
Jaime Garcia,0.18727199,0.069314957,0,0.047020673,0.278070531,0,0,0.280502635,0,0,0,0,0,0.137819214
Jarlin Garcia,0.186098655,0,0,0,0.493273543,0,0,0.004484305,0,0,0,0,0,0.316143498
Luis Garcia,0,0,0,0,0.320281124,0,0.13253012,0.310240964,0,0,0,0,0,0.236947791
Amir Garrett,0.147368421,0,0,0,0.611336032,0,0,0.009716599,0,0,0,0,0,0.231578947
Ryan Garton,0.019830028,0.116147309,0,0.322946176,0.541076487,0,0,0,0,0,0,0,0,0
Matt Garza,0.057591623,0.104712042,0,0,0.435602094,0,0,0.170157068,0,0,0,0,0,0.231937173
Kevin Gausman,0,0,0,0,0.650537634,0,0.213560335,0.000298686,0,0,0,0,0,0.135603345
Sam Gaviglio,0.09760274,0.132705479,0,0,0.017123288,0,0,0,0,0,0.000856164,0,0.547945205,0.203767123
Cory Gearrin,0.107677903,0,0,0,0.001872659,0,0,0,0,0,0,0,0.546816479,0.343632959
Dillon Gee,0.152309613,0,0,0.218476904,0.293383271,0,0,0.174781523,0.161048689,0,0,0,0,0
Domingo German,0.213438735,0.280632411,0,0,0.391304348,0,0,0.114624506,0,0,0,0,0,0
Kyle Gibson,0.145649674,0.103487926,0,0,0.224607129,0,0,0.354158681,0,0,0,0,0,0.172096589
Ken Giles,0.000896057,0,0,0,0.541218638,0,0,0,0,0,0,0,0,0.457885305
Lucas Giolito,0.164051355,0.114122682,0,0,0.495007133,0,0,0.102710414,0,0,0,0,0,0.124108417
Mychal Givens,0.090771558,0,0,0.017397882,0.702723147,0,0,0.002269289,0,0,0.00075643,0,0,0.186081694
Tyler Glasnow,0.103278689,0.227868852,0,0,0.337704918,0,0,0.330327869,0,0,0.000819672,0,0,0
Koda Glover,0.064308682,0.083601286,0,0,0.276527331,0,0,0,0,0,0,0,0.096463023,0.479099678
Zack Godley,0.072900158,0.003565769,0,0.144611727,0.148177496,0,0,0,0.355784469,0,0.000396197,0,0.274564184,0
Erik Goeddel,0.353293413,0.185628743,0,0,0.459081836,0,0,0,0,0,0,0,0,0.001996008
Luiz Gohara,0.099537037,0,0,0,0.476851852,0,0,0.094907407,0,0,0,0,0,0.328703704
Brad Goldberg,0.13740458,0,0,0,0.244274809,0,0,0,0,0,0,0,0.358778626,0.259541985
Jeanmar Gomez,0.24099723,0,0,0,0.033240997,0,0,0,0,0,0,0,0.592797784,0.132963989
Marco Gonzales,0.310984308,0.165477889,0,0,0,0,0,0,0,0,0,0,0.523537803,0
Gio Gonzalez,0.188034188,0.250997151,0,0,0.357264957,0,0,0.203703704,0,0,0,0,0,0
Miguel Gonzalez,0.004352988,0.167787891,0,0,0.262366442,0,0.117134943,0.234269885,0,0,0,0,0,0.214087851
Nick Goody,0,0,0,0,0.523968785,0,0,0,0,0,0,0,0,0.476031215
Daniel Gossett,0.103797468,0.15,0,0,0.342405063,0,0,0.186075949,0,0,0,0,0,0.217721519
Matt Grace,0.04787234,0,0,0,0.006648936,0,0,0,0,0,0,0,0.706117021,0.239361702
Kendall Graveman,0.10724985,0,0,0.138406231,0.035350509,0,0,0,0,0,0,0,0.66327142,0.055721989
Jon Gray,0.021356113,0.139882541,0,0,0.56219968,0,0,0.00373732,0,0,0,0,0,0.272824346
Sonny Gray,0.090038993,0.129032258,0,0.000354484,0.288195675,0,0,0.323289614,0,0,0.000354484,0,0,0.168734491
Chad Green,0.006944444,0,0,0.077160494,0.692901235,0,0,0.008487654,0,0,0,0,0,0.214506173
Shane Greene,0,0.008356546,0,0.154131848,0.044568245,0,0,0.517177344,0,0,0,0,0,0.275766017
Luke Gregerson,0.014478764,0,0,0,0.055019305,0,0,0.468146718,0,0,0.001930502,0,0,0.46042471
Zack Greinke,0.160794941,0.126467931,0.006624511,0,0.390846131,0,0,0.090936465,0,0,0,0,0,0.224330021
A.J. Griffin,0.111279334,0.303557911,0,0.05677517,0.517032551,0,0,0.011355034,0,0,0,0,0,0
Jason Grilli,0.025062657,0,0,0,0.607769424,0,0,0.030075188,0,0,0,0,0,0.337092732
Justin Grimm,0,0.420229406,0,0,0.511991658,0,0,0.051094891,0,0,0,0,0,0.016684046
Robert Gsellman,0.099658036,0.114802149,0,0,0.140693698,0,0,0.490473864,0,0,0,0,0,0.154372252
Reymin Guduan,0,0,0,0,0.638888889,0,0,0,0,0,0,0,0,0.361111111
Deolis Guerra,0.383886256,0.049763033,0,0,0.388625592,0,0,0.002369668,0,0,0,0,0,0.17535545
Javy Guerra,0.059561129,0.094043887,0,0.015673981,0.539184953,0,0,0,0,0,0,0,0,0.29153605
Junior Guerra,0,0,0,0,0.451534733,0,0.247172859,0.193053312,0,0,0,0,0,0.108239095
Josh Hader,0.075835476,0,0,0,0.799485861,0,0,0.011568123,0,0,0,0,0,0.11311054
Jesse Hahn,0.10513245,0.176324503,0,0,0.044701987,0,0,0.574503311,0,0,0.000827815,0,0,0.098509934
Justin Haley,0.142424242,0.093939394,0,0,0.651515152,0,0,0,0,0,0,0,0,0.112121212
Cole Hamels,0.20726958,0.12938122,0,0.189528343,0.241021203,0,0,0.232799654,0,0,0,0,0,0
Jason Hammel,0.035844673,0.094922005,0,0,0.206438765,0,0,0.294059077,0,0,0,0,0,0.36873548
Brad Hand,0.000834028,0.036697248,0,0,0.265221018,0,0,0.246038365,0,0,0,0,0,0.451209341
J.A. Happ,0.115492958,0.052716298,0,0,0.430181087,0,0,0.278873239,0,0,0,0,0,0.122736419
Blaine Hardy,0.271959459,0.140202703,0,0.140202703,0.447635135,0,0,0,0,0,0,0,0,0
Will Harris,0,0.309018568,0,0.419098143,0.271883289,0,0,0,0,0,0,0,0,0
Donnie Hart,0.172073343,0,0,0,0,0,0,0,0,0,0,0,0.47954866,0.348377997
Matt Harvey,0.12492564,0.070791196,0,0,0.289708507,0,0,0.290898275,0,0,0.000594884,0,0,0.223081499
Chris Hatcher,0,0.024801587,0,0.027777778,0.493055556,0,0.20734127,0.000992063,0,0,0,0,0,0.246031746
Andrew Heaney,0.224637681,0.161835749,0,0,0,0,0,0,0,0,0,0,0.61352657,0
Ben Heller,0.154696133,0.331491713,0,0,0.513812155,0,0,0,0,0,0,0,0,0
Jeremy Hellickson,0.302762855,0,0,0.123944743,0.373369148,0,0,0.073292402,0.126247122,0,0,0,0,0.00038373
Heath Hembree,0,0.089334549,0,0,0.537830447,0,0,0.010027347,0,0,0,0,0,0.362807657
Kyle Hendricks,0.273875296,0.074585635,0,0.010260458,0.231254933,0,0,0,0,0,0,0,0.410023678,0
Liam Hendriks,0.004299226,0.035253654,0,0,0.64144454,0,0,0.098882201,0,0,0,0,0,0.220120378
Ariel Hernandez,0.064516129,0.267281106,0,0,0.656682028,0,0,0.011520737,0,0,0,0,0,0
David Hernandez,0,0.230207065,0,0,0.275274056,0,0,0.246041413,0,0,0,0,0,0.248477467
Felix Hernandez,0.25923244,0.214337437,0,0,0.216509776,0,0,0,0,0,0,0,0.225923244,0.083997104
Kelvin Herrera,0.178247734,0,0,0,0.407854985,0,0,0.306143001,0,0,0,0,0,0.10775428
Trevor Hildenberger,0.341500766,0,0,0,0.081163859,0,0,0,0,0,0,0,0.428790199,0.148545176
Rich Hill,0.00160064,0.403761505,0,0.028011204,0.544217687,0,0,0.013605442,0,0,0,0,0,0.008803521
Jeff Hoffman,0.060285892,0.180236172,0,0,0.669359851,0,0,0,0,0,0,0,0,0.090118086
Jonathan Holder,0.013719512,0.282012195,0,0,0.37652439,0,0,0.00152439,0,0,0,0,0,0.326219512
Derek Holland,0.10374288,0,0,0,0.189991863,0,0,0,0.224979658,0,0,0,0.36086249,0.120423108
Greg Holland,0,0.063263041,0,0,0.438401776,0,0,0,0,0,0,0,0,0.498335183
David Holmberg,0.19944082,0.143522833,0,0,0.437092265,0,0,0.045666356,0,0,0,0,0,0.174277726
J.J. Hoover,0.00729927,0.060827251,0,0,0.51459854,0,0,0.062043796,0,0,0,0,0,0.355231144
J.P. Howell,0.078125,0,0,0,0.010416667,0,0,0,0.28125,0,0,0,0.630208333,0
James Hoyt,0.09540636,0,0,0,0.347467609,0,0,0.057714959,0,0,0,0,0,0.499411072
Daniel Hudson,0.138181818,0,0,0,0.41,0,0,0.191818182,0,0,0.000909091,0,0,0.259090909
Jared Hughes,0.014285714,0,0,0,0.082417582,0,0,0,0,0,0,0,0.692307692,0.210989011
Phil Hughes,0.142227122,0,0,0.184123484,0.320837927,0,0,0.152149945,0.200661521,0,0,0,0,0
Tommy Hunter,0,0.256880734,0,0.285550459,0.217889908,0,0,0.239678899,0,0,0,0,0,0
Jason Hursh,0,0,0,0,0.308139535,0,0,0.401162791,0,0,0.005813953,0,0,0.284883721
Raisel Iglesias,0.135551948,0.001623377,0,0,0.335227273,0,0,0,0,0,0,0,0.225649351,0.301948052
Hisashi Iwakuma,0,0.068817204,0,0.341935484,0.208602151,0,0.193548387,0,0,0,0,0,0.187096774,0
Edwin Jackson,0.062980031,0.078341014,0,0,0.378648233,0,0,0.225806452,0,0,0,0,0,0.25422427
Luke Jackson,0.011464968,0.170700637,0,0,0.513375796,0,0,0.003821656,0,0,0,0,0,0.300636943
Kenley Jansen,0,0,0,0.855745721,0.061124694,0,0,0,0,0,0,0,0,0.083129584
Myles Jaye,0.070895522,0.123134328,0,0,0.21641791,0,0,0.388059701,0,0,0,0,0,0.201492537
Jeremy Jeffress,0,0,0,0,0.17641844,0,0.147163121,0.487588652,0.188829787,0,0,0,0,0
Dan Jennings,0,0,0,0,0.066346154,0,0,0.452884615,0,0,0,0,0,0.480769231
Joe Jimenez,0.127764128,0,0,0,0.626535627,0,0,0,0,0,0,0,0,0.245700246
Ubaldo Jimenez,0,0.042553191,0,0.008123791,0.189168279,0,0.200386847,0.358220503,0,0,0.001547389,0,0,0.2
Brian Johnson,0.044642857,0.283482143,0,0,0.555803571,0,0,0.006696429,0,0,0,0,0,0.109375
Jim Johnson,0.047276465,0.270298047,0,0,0.075025694,0,0,0.607399794,0,0,0,0,0,0
Nate Jones,0.009852217,0,0,0,0,0,0,0.522167488,0,0,0,0,0,0.467980296
Jakob Junis,0.068897638,0.037401575,0,0,0.209317585,0,0,0,0,0,0,0,0.345144357,0.339238845
Tommy Kahnle,0.238831615,0,0,0.000859107,0.624570447,0,0,0.030068729,0,0,0,0,0,0.105670103
Nate Karns,0.147058824,0,0,0,0.411764706,0,0,0.081550802,0.359625668,0,0,0,0,0
Keone Kela,0.013050571,0.4045677,0,0,0.582381729,0,0,0,0,0,0,0,0,0
Shawn Kelley,0,0,0,0,0.576374745,0,0,0.016293279,0,0,0,0,0,0.407331976
Joe Kelly,0.031716418,0.000932836,0,0,0.318097015,0,0,0.308768657,0.180970149,0,0,0,0,0.159514925
Ian Kennedy,0.115238817,0,0,0,0.306671721,0,0,0.300985595,0.157316149,0,0,0,0,0.119787718
Clayton Kershaw,0.009514101,0.164458036,0,0,0.474006116,0,0,0.014610941,0,0,0,0,0,0.337410805
Dallas Keuchel,0.115007541,0,0,0.121040724,0.049019608,0,0,0.520361991,0,0,0,0,0,0.194570136
Craig Kimbrel,0,0,0,0,0.681364393,0,0,0.00249584,0.316139767,0,0,0,0,0
Brandon Kintzler,0.054216867,0,0,0,0.206540448,0,0,0,0,0,0,0,0.604991394,0.134251291
Andrew Kittredge,0,0,0,0,0.289795918,0,0,0,0,0,0,0,0,0.710204082
Corey Kluber,0.062012987,0.286038961,0,0.227272727,0.143506494,0,0,0,0,0,0,0,0.281168831,0
Corey Knebel,0,0,0,0,0.717231222,0,0,0,0.282768778,0,0,0,0,0
Tom Koehler,0.057948316,0,0,0,0.423649178,0,0,0.09788567,0.214565388,0,0,0,0,0.205951449
George Kontos,0.007850834,0.018645731,0,0.522080471,0.139352306,0,0,0.112855741,0,0,0.000981354,0,0,0.198233562
Ian Krol,0.009626955,0.089049338,0,0,0.3188929,0,0,0.185318893,0,0,0,0,0,0.397111913
Chad Kuhl,0.097988077,0,0,0,0.305886736,0,0,0,0.061847988,0,0,0,0.328614009,0.205663189
John Lackey,0.045631411,0.074637425,0,0.355854262,0.393703573,0,0,0.130173329,0,0,0,0,0,0
Dinelson Lamet,0.051884216,0.012015292,0,0,0.438012015,0,0,0.115237575,0,0,0,0,0,0.382850901
Mat Latos,0.080769231,0.030769231,0,0,0.415384615,0,0,0.176923077,0,0,0,0,0,0.296153846
Derek Law,0.072100313,0.192789969,0,0,0.520376176,0,0,0.021943574,0,0,0,0,0,0.192789969
Casey Lawrence,0.162718847,0.010298661,0,0,0.292481977,0,0,0,0,0,0,0,0.300720906,0.233779609
Tommy Layne,0.175510204,0.044897959,0,0.375510204,0.073469388,0,0,0.175510204,0,0,0,0,0,0.155102041
Mike Leake,0.119353654,0,0,0.190965846,0.031582813,0,0,0,0.066470804,0,0,0,0.452074917,0.139551965
Wade LeBlanc,0.27247191,0.051498127,0,0.263108614,0.213483146,0,0,0.132958801,0,0,0,0,0,0.066479401
Jose Leclerc,0.064965197,0.053364269,0,0.093967517,0.418793503,0,0,0.090487239,0,0,0,0,0,0.278422274
Dominic Leone,0,0,0,0.363216266,0.43715342,0,0,0.103512015,0,0,0,0,0,0.096118299
Jon Lester,0.085807601,0.131532067,0,0.268705463,0.388954869,0,0,0,0,0,0,0,0.125,0
Artie Lewicki,0.073298429,0.209424084,0,0,0.528795812,0,0,0,0,0,0,0,0,0.188481675
Josh Lindblom,0.086021505,0.091397849,0,0.14516129,0.413978495,0,0,0.188172043,0,0,0,0,0,0.075268817
Francisco Liriano,0.166012339,0.005047672,0,0,0.171620864,0,0,0.333707235,0,0,0,0,0,0.32361189
Ben Lively,0.053938964,0.203690561,0,0,0.429382541,0,0,0.183818311,0,0,0,0,0,0.129169624
Jeff Locke,0.239092496,0,0,0,0.247818499,0,0,0.342059337,0.171029668,0,0,0,0,0
Boone Logan,0,0,0,0,0.253443526,0,0,0.14600551,0,0,0,0,0,0.600550964
Reynaldo Lopez,0.259452412,0.129074316,0,0,0.584093872,0,0,0.010430248,0,0,0,0,0,0.016949153
Michael Lorenzen,0.021961933,0.117130307,0,0.193265007,0.235724744,0,0,0.276720351,0,0,0.000732064,0,0,0.154465593
Aaron Loup,0.141865079,0.10218254,0,0.10218254,0.006944444,0,0,0,0,0,0,0,0.646825397,0
Seth Lugo,0.168910649,0.174418605,0,0.020807834,0.222766218,0,0,0.263157895,0,0,0,0,0,0.1499388
Jordan Lyles,0.059152678,0.207034373,0,0,0.29656275,0,0,0.247002398,0,0,0,0,0,0.190247802
Lance Lynn,0.053401144,0.047997457,0,0.104895105,0.367132867,0,0,0.426255563,0,0,0.000317864,0,0,0
Tyler Lyons,0.054384018,0.003329634,0,0,0.220865705,0,0,0,0,0,0,0,0.205327414,0.51609323
Austin Maddox,0.297468354,0,0,0,0.306962025,0,0,0.344936709,0,0,0,0,0,0.050632911
Ryan Madson,0.149301826,0.190118153,0,0,0.326530612,0,0,0.331901182,0,0,0.001074114,0,0,0.001074114
Kenta Maeda,0.099269446,0.134937688,0,0.079931242,0.340352385,0,0,0.085517834,0,0,0.000429738,0,0,0.259561667
Tyler Mahle,0.08423913,0.019021739,0,0,0.644021739,0,0,0,0,0,0,0,0,0.252717391
Sean Manaea,0.243303571,0,0,0,0.581845238,0,0,0,0,0,0,0,0.001116071,0.173735119
Jhan Marinez,0.137254902,0,0,0,0.156862745,0,0,0.469556244,0,0,0,0,0,0.236326109
German Marquez,0.054990584,0.253107345,0,0,0.513370998,0,0,0.138229755,0,0,0,0,0,0.040301318
Francis Martes,0.079844206,0.369036027,0,0,0.550146056,0,0,0.00097371,0,0,0,0,0,0
Carlos Martinez,0.1696,0.016,0,0,0.28096,0,0,0.27392,0,0,0.00032,0,0,0.2592
Nick Martinez,0.117056856,0.18729097,0,0.132664437,0.381270903,0,0,0.181716834,0,0,0,0,0,0
Phil Maton,0.014025245,0,0,0,0.758765778,0,0,0,0,0,0,0,0,0.227208976
Steven Matz,0.134188034,0.232478632,0,0,0.002564103,0,0,0,0,0,0,0,0.588034188,0.042735043
Brandon Maurer,0.143414634,0,0,0,0.550243902,0,0,0.014634146,0,0,0,0,0,0.291707317
Tim Mayza,0,0,0,0,0.491176471,0,0,0.002941176,0,0,0,0,0,0.505882353
Zach McAllister,0,0.196502058,0,0.001028807,0.689300412,0,0,0.112139918,0,0,0.001028807,0,0,0
Brandon McCarthy,0.025255973,0.212286689,0,0.237542662,0.294197952,0,0,0,0,0,0,0,0.212969283,0.01774744
Kevin McCarthy,0.197202797,0,0,0,0,0,0,0,0,0,0,0,0.60979021,0.193006993
Lance McCullers Jr.,0.104810997,0,0,0,0.218642612,0,0,0.179982818,0.496563574,0,0,0,0,0
T.J. McFarland,0.12424608,0,0,0,0.001206273,0,0,0,0,0,0,0,0.728588661,0.145958987
Jake McGee,0,0,0,0,0.924947146,0,0,0.009513742,0,0,0,0,0,0.065539112
Dustin McGowan,0.069787234,0,0,0,0.315744681,0,0,0.278297872,0,0,0,0,0,0.336170213
Kyle McGrath,0.408934708,0.072164948,0,0,0.518900344,0,0,0,0,0,0,0,0,0
Deck McGuire,0.114832536,0.071770335,0,0,0.602870813,0,0,0.033492823,0,0,0,0,0,0.177033493
Collin McHugh,0.063451777,0.204737733,0,0.141285956,0.366328257,0,0,0.087986464,0,0,0,0,0,0.136209814
Adalberto Mejia,0.180149168,0.022948939,0,0,0.434882387,0,0,0.12908778,0,0,0,0,0,0.232931727
Mark Melancon,0,0,0,0.613545817,0.133466135,0,0.001992032,0,0.250996016,0,0,0,0,0
Yohander Mendez,0.157068063,0.036649215,0,0,0.340314136,0,0,0,0,0,0,0,0.267015707,0.19895288
Daniel Mengden,0.132511556,0.144838213,0,0,0.554699538,0,0,0.003081664,0,0,0,0,0,0.164869029
Ryan Merritt,0.25625,0.1625,0,0.259375,0.321875,0,0,0,0,0,0,0,0,0
Alex Meyer,0.01384083,0.400519031,0,0,0.30449827,0,0,0.281141869,0,0,0,0,0,0
Keynan Middleton,0.018423746,0,0,0,0.627430911,0,0,0,0,0,0,0,0,0.354145343
Wade Miley,0.108453473,0.102883355,0,0.142857143,0.25,0,0,0.283420708,0,0,0,0,0,0.112385321
Andrew Miller,0,0,0,0,0.410399257,0,0,0.013927577,0,0,0,0,0,0.575673166
Shelby Miller,0,0.161038961,0,0.25974026,0.184415584,0,0,0.394805195,0,0,0,0,0,0
Hoby Milner,0.108856089,0.226937269,0,0,0,0,0,0,0,0,0,0,0.664206642,0
Tommy Milone,0.236720554,0.143187067,0,0.055427252,0.438799076,0,0,0.079676674,0,0,0,0,0,0.046189376
Juan Minaya,0.034739454,0.199751861,0,0.00248139,0.455334988,0,0,0.166253102,0,0,0.001240695,0,0,0.140198511
Mike Minor,0.102348993,0,0,0,0.431208054,0,0,0,0.078020134,0,0,0,0.031040268,0.35738255
A.J. Minter,0,0,0,0.487903226,0.512096774,0,0,0,0,0,0,0,0,0
Ariel Miranda,0,0,0,0,0.577009767,0,0.167167543,0,0,0,0,0,0,0.25582269
Bryan Mitchell,0,0.307116105,0,0.222846442,0.380149813,0,0,0.08988764,0,0,0,0,0,0
Frankie Montas,0.058252427,0,0,0,0.378640777,0,0,0.283171521,0,0,0,0,0,0.279935275
Rafael Montero,0.185920578,0,0,0,0.407942238,0,0,0.156137184,0,0,0.000451264,0,0,0.249548736
Jordan Montgomery,0.188910891,0.260594059,0,0,0.174257426,0,0,0.244752475,0,0,0,0,0,0.131485149
Mike Montgomery,0.123406193,0.237704918,0,0.10701275,0.531876138,0,0,0,0,0,0,0,0,0
Andrew Moore,0.18627451,0.151416122,0,0,0.525054466,0,0,0,0,0,0,0,0,0.137254902
Matt Moore,0.159177987,0,0,0.147335423,0.516544758,0,0,0,0.176941832,0,0,0,0,0
Adam Morgan,0.251933702,0.08839779,0,0,0.13480663,0,0,0.196685083,0,0,0,0,0,0.328176796
Mike Morin,0.340116279,0,0,0.020348837,0.343023256,0,0,0.037790698,0,0,0,0,0,0.25872093
Bryan Morris,0.003125,0.11875,0,0.315625,0.309375,0,0,0,0,0,0,0,0.253125,0
Brandon Morrow,0,0,0,0.250970246,0.613195343,0,0,0,0,0,0,0,0,0.135834411
Charlie Morton,0,0.285977181,0,0.107839529,0.12513802,0,0.059256533,0.421052632,0,0,0.000736106,0,0,0
Jason Motte,0.015360983,0,0,0.525345622,0.193548387,0,0,0.264208909,0,0,0.001536098,0,0,0
Peter Moylan,0.028856826,0,0,0,0,0,0,0,0,0,0,0,0.498335183,0.472807991
Joe Musgrove,0.092432432,0.09027027,0,0.049189189,0.414594595,0,0,0,0,0,0,0,0.08,0.273513514
Zach Neal,0.139344262,0.045081967,0,0.200819672,0.081967213,0,0,0.532786885,0,0,0,0,0,0
Jimmy Nelson,0.02435478,0,0,0.000363504,0.287895311,0,0,0,0.189385678,0,0,0,0.324245729,0.173754998
Hector Neris,0,0,0,0,0.370430544,0,0.512591389,0.114541024,0,0,0,0,0,0.002437043
Pat Neshek,0.024973985,0,0,0,0,0,0,0,0,0,0,0,0.449531738,0.525494277
Dovydas Neverauskas,0.00243309,0.223844282,0,0,0.588807786,0,0,0,0,0,0,0,0,0.184914842
Sean Newcomb,0.10813763,0.21572911,0,0,0.631895139,0,0,0,0,0,0,0,0,0.044238121
Juan Nicasio,0.018181818,0,0,0,0.585950413,0,0,0.137190083,0,0,0.000826446,0,0,0.25785124
Justin Nicolino,0.202622169,0.169249106,0,0.10011919,0.528009535,0,0,0,0,0,0,0,0,0
Aaron Nola,0.155405405,0.307807808,0,0,0.3246997,0,0,0.212087087,0,0,0,0,0,0
Ricky Nolasco,0,0,0,0,0.192880259,0,0.150161812,0.290614887,0.092880259,0,0.000323625,0,0,0.273139159
Bud Norris,0.00181653,0,0,0.346957312,0.242506812,0,0,0.204359673,0,0,0.000908265,0,0,0.203451408
Daniel Norris,0.124315444,0.097480832,0,0,0.533406353,0,0,0.013691128,0,0,0,0,0,0.231106243
Ivan Nova,0.098176174,0.221187427,0,0,0.252231277,0,0,0.428017074,0,0,0.000388048,0,0,0
Vidal Nuno,0.06557377,0.075409836,0,0,0.278688525,0,0,0.055737705,0,0,0,0,0,0.524590164
Darren O'Day,0,0.00098912,0,0,0.363006924,0,0,0,0,0,0.00098912,0,0.174085064,0.460929773
Eric O'Flaherty,0,0,0,0,0.151515152,0,0,0,0,0,0,0,0.491582492,0.356902357
Chris O'Grady,0.143636364,0.078181818,0,0.369090909,0.405454545,0,0,0.003636364,0,0,0,0,0,0
Scott Oberg,0.089,0.004,0,0,0.457,0,0,0.107,0,0,0,0,0,0.343
Jake Odorizzi,0,0.058307927,0,0.116615854,0.493902439,0,0.225990854,0,0,0,0.000762195,0,0,0.104420732
Seunghwan Oh,0.074829932,0.018464529,0,0.256559767,0.608357629,0,0,0.002915452,0,0,0.000971817,0,0,0.037900875
Steven Okert,0.043478261,0.017391304,0,0.193478261,0.341304348,0,0,0.202173913,0,0,0,0,0,0.202173913
Tyler Olson,0.196319018,0.414110429,0,0,0.303680982,0,0,0,0,0,0,0,0.085889571,0
Josh Osich,0.088157895,0,0,0.097368421,0.493421053,0,0,0.051315789,0,0,0,0,0,0.269736842
Roberto Osuna,0.041710115,0,0,0.263816475,0.294056309,0,0,0.155370177,0,0,0,0,0,0.245046924
Dan Otero,0.098457888,0,0,0,0.148279953,0,0,0,0,0,0,0,0.65717675,0.096085409
Adam Ottavino,0,0,0,0.028598665,0.333651096,0,0,0.175405148,0,0,0,0,0,0.462345091
Dillon Overton,0.318181818,0.117647059,0,0,0.558823529,0,0,0.005347594,0,0,0,0,0,0
Emilio Pagan,0.022346369,0,0,0,0.639664804,0,0,0.047486034,0,0,0,0,0,0.290502793
Eduardo Paredes,0.124293785,0,0,0,0.47740113,0,0,0.149717514,0,0,0,0,0,0.248587571
Blake Parker,0,0.083018868,0,0,0.59245283,0,0.316981132,0.006603774,0,0,0.000943396,0,0,0
David Paulino,0.145557656,0.166351607,0,0,0.459357278,0,0,0,0,0,0.001890359,0,0,0.2268431
James Paxton,0.024314766,0,0,0.106984969,0.654730327,0,0,0,0.213969938,0,0,0,0,0
James Pazos,0,0,0,0,0,0,0,0,0,0,0,0,0.743199129,0.256800871
Brad Peacock,0.04305835,0,0,0,0.265593561,0,0,0.265995976,0.073641851,0,0.000402414,0,0,0.351307847
Mike Pelfrey,0,0.149606299,0,0,0.005249344,0,0.135608049,0,0,0,0,0,0.587926509,0.121609799
Felix Pena,0.069421488,0,0,0,0.65785124,0,0,0,0,0,0,0,0,0.272727273
Wandy Peralta,0.198029557,0,0,0,0.486699507,0,0,0.045320197,0,0,0,0,0,0.269950739
Wily Peralta,0.033006244,0.030330062,0,0,0.36485281,0,0,0.220338983,0,0,0,0,0,0.3514719
Luis Perdomo,0,0,0,0,0.0830721,0,0.061912226,0.546630094,0,0,0,0,0,0.30838558
Martin Perez,0.203817535,0.112908444,0,0,0.233257845,0,0,0.353930767,0,0,0,0,0,0.096085409
Oliver Perez,0,0,0,0,0.311774461,0,0,0,0,0,0,0,0.262023217,0.426202322
Dillon Peters,0.12716763,0.373795761,0,0,0.312138728,0,0,0.186897881,0,0,0,0,0,0
Yusmeiro Petit,0.169516729,0.203717472,0,0.156133829,0.463197026,0,0,0.00669145,0,0,0.000743494,0,0,0
Jake Petricka,0.240585774,0,0,0,0.112970711,0,0,0.594142259,0,0,0,0,0,0.052301255
David Phelps,0.007209063,0,0,0.28115345,0.362512873,0,0,0.160659114,0.188465499,0,0,0,0,0
Tyler Pill,0.12596401,0.095115681,0,0,0.118251928,0,0,0,0,0,0,0,0.426735219,0.233933162
Michael Pineda,0.133548387,0,0,0,0.478064516,0,0,0.007741935,0,0,0.001290323,0,0,0.379354839
Ricardo Pinto,0.302083333,0,0,0,0.387152778,0,0,0.190972222,0,0,0,0,0,0.119791667
Nick Pivetta,0.040623718,0,0,0,0.539187526,0,0,0.121460812,0.14813295,0,0,0,0,0.150594994
Drew Pomeranz,0.014234875,0,0,0.056615982,0.529602071,0,0,0.028793271,0.370753801,0,0,0,0,0
Rick Porcello,0.085168019,0.152954809,0.000289687,0,0.338354577,0,0,0.253765933,0,0,0.000289687,0,0,0.169177289
Brooks Pounders,0.028037383,0.03271028,0,0,0.41588785,0,0,0.11682243,0,0,0,0,0,0.406542056
Ryan Pressly,0,0.266292135,0,0,0.44494382,0,0,0.107865169,0,0,0,0,0,0.180898876
David Price,0.146468401,0,0,0.217100372,0.100371747,0,0,0.476579926,0.059479554,0,0,0,0,0
Austin Pruitt,0.136534134,0.151537884,0,0,0.350337584,0,0,0.072018005,0,0,0.001500375,0,0,0.288072018
Kevin Quackenbush,0,0.245098039,0,0,0.590196078,0,0,0,0,0,0,0,0,0.164705882
Chad Qualls,0,0,0,0,0.007936508,0,0,0,0,0,0,0,0.702380952,0.28968254
Jose Quintana,0.092451726,0.276184903,0,0,0.361907548,0,0,0,0,0,0,0,0.269455822,0
Carlos Ramirez,0,0,0,0,0.11682243,0,0,0,0,0,0,0,0.364485981,0.518691589
Erasmo Ramirez,0.203907816,0.003006012,0,0.244488978,0.090681363,0,0,0.351202405,0,0,0,0,0,0.106713427
Jose Ramirez,0.177514793,0,0,0,0.634122288,0,0,0.000986193,0,0,0,0,0,0.187376726
Neil Ramirez,0.0078125,0.1953125,0,0,0.1859375,0,0,0.2984375,0,0,0,0,0,0.3125
Noe Ramirez,0.378504673,0.275700935,0,0,0,0,0,0,0,0,0,0,0.345794393,0
AJ Ramos,0.178019982,0.023614896,0,0.008174387,0.295186194,0,0,0.06448683,0,0,0,0,0,0.430517711
Edubray Ramos,0.002991027,0.070787637,0,0,0.423728814,0,0,0,0,0,0,0,0,0.502492522
Josh Ravin,0.057761733,0,0,0,0.418772563,0,0,0,0,0,0,0,0.155234657,0.368231047
Robbie Ray,0,0.192579505,0,0,0.54204947,0,0,0.049469965,0,0,0,0,0,0.21590106
Addison Reed,0.000827815,0,0,0,0.670529801,0,0,0,0,0,0,0,0,0.328642384
Cody Reed,0.123867069,0,0,0,0.504531722,0,0,0.006042296,0,0,0,0,0,0.365558912
Clayton Richard,0.109489051,0,0,0,0.330126078,0,0,0.357332449,0,0,0,0,0,0.203052422
Garrett Richards,0,0.086651054,0,0,0.37470726,0,0,0.208430913,0,0,0,0,0,0.330210773
Yacksel Rios,0,0,0,0,0.454545455,0,0,0.189090909,0,0,0,0,0,0.356363636
Tanner Roark,0.121617418,0.14992224,0,0,0.200933126,0,0,0.362674961,0,0,0.000311042,0,0,0.164541213
David Robertson,0.011466011,0,0,0.480753481,0.01965602,0,0,0,0.335790336,0,0,0,0,0.152334152
Hansel Robles,0.084299262,0,0,0,0.347734457,0,0,0.312961012,0,0,0,0,0,0.255005269
Fernando Rodney,0.388104839,0,0,0,0.268145161,0,0,0.328629032,0,0,0,0,0,0.015120968
Carlos Rodon,0.138252757,0,0,0,0.462256149,0,0,0.146734521,0,0,0,0,0,0.252756573
Eduardo Rodriguez,0.180600649,0,0,0.073051948,0.550730519,0,0,0.105113636,0,0,0,0,0,0.090503247
Francisco Rodriguez,0.354988399,0.088167053,0,0,0.552204176,0,0,0.004640371,0,0,0,0,0,0
Joely Rodriguez,0,0,0,0,0.204819277,0,0,0.437751004,0,0,0,0,0,0.357429719
Ricardo Rodriguez,0,0.045454545,0,0,0.685950413,0,0,0,0,0,0,0,0,0.268595041
Chaz Roe,0,0,0,0,0.103658537,0,0,0.353658537,0,0,0,0,0,0.542682927
Taylor Rogers,0.037800687,0.342497136,0,0,0.038946163,0,0,0.579610538,0,0,0.001145475,0,0,0
Sal Romano,0.08611482,0.012016021,0,0,0.451935915,0,0,0.171562083,0,0,0.000667557,0,0,0.277703605
Enny Romero,0,0.002,0,0.005,0.778,0,0,0,0,0,0,0,0,0.215
Sergio Romo,0.072687225,0,0,0,0.186123348,0,0,0,0,0,0.001101322,0,0.156387665,0.583700441
Bruce Rondon,0.091743119,0,0,0,0.480122324,0,0,0.051987768,0,0,0,0,0,0.376146789
Hector Rondon,0.027671756,0,0,0,0.515267176,0,0,0.095419847,0,0,0,0,0,0.361641221
Trevor Rosenthal,0.126984127,0,0,0,0.740362812,0,0,0.002267574,0,0,0,0,0,0.130385488
Joe Ross,0.081287045,0,0,0,0.035563082,0,0,0,0,0,0,0,0.508890771,0.374259102
Tyson Ross,0.002070393,0,0,0,0.466873706,0,0,0.18115942,0,0,0,0,0,0.34989648
Chris Rowley,0.233766234,0.006493506,0,0,0.032467532,0,0,0,0,0,0,0,0.522727273,0.204545455
Chris Rusin,0.275221953,0.007263923,0,0.238095238,0.154156578,0,0,0,0,0,0,0,0.305891848,0.01937046
Hyun-Jin Ryu,0.2539081,0.157271435,0,0.179062056,0.340596874,0,0,0.029369967,0,0,0,0,0,0.039791568
Marc Rzepczynski,0.093625498,0,0,0,0.001992032,0,0,0,0,0,0,0,0.599601594,0.304780876
CC Sabathia,0.146148036,0,0,0.311178248,0.002643505,0,0,0,0,0,0,0,0.217522659,0.322507553
Fernando Salas,0.174710425,0,0,0,0.658301158,0,0,0.002895753,0.164092664,0,0,0,0,0
Danny Salazar,0.246361186,0.055525606,0,0,0.377358491,0,0,0.217250674,0,0,0,0,0,0.103504043
Chris Sale,0.183458229,0,0,0,0.370524563,0,0,0.116014432,0,0,0,0,0,0.330002775
Jeff Samardzija,0,0,0,0.087342936,0.186638063,0,0.083052406,0.308918173,0.146184493,0,0,0,0,0.187863929
Aaron Sanchez,0.060556465,0.166939444,0,0,0.397708674,0,0,0.374795417,0,0,0,0,0,0
Angel Sanchez,0.158653846,0.139423077,0,0.216346154,0.485576923,0,0,0,0,0,0,0,0,0
Anibal Sanchez,0.02373247,0.102481122,0,0.072815534,0.262135922,0,0.181229773,0,0,0,0,0,0.234088457,0.123516721
Edgar Santana,0,0,0,0,0.111486486,0,0,0,0,0,0,0,0.5,0.388513514
Ervin Santana,0.100121359,0,0,0,0.330400485,0,0,0.201456311,0,0,0.000303398,0,0,0.367718447
Hector Santiago,0.199838188,0.05987055,0.000809061,0.031553398,0.048543689,0,0,0,0,0,0,0.031553398,0.566343042,0.061488673
Luis Santos,0.171532847,0.295620438,0,0,0.503649635,0,0,0.02919708,0,0,0,0,0,0
Warwick Saupold,0.070902394,0.123388582,0,0,0.478821363,0,0,0.036832413,0,0,0.00092081,0,0,0.289134438
Rob Scahill,0,0.093023256,0,0,0.049418605,0,0,0.662790698,0,0,0,0,0,0.194767442
Max Scherzer,0.142547258,0.08118996,0,0.078710877,0.459559963,0,0,0.027579795,0,0,0,0,0,0.210412148
A.J. Schugel,0.378661088,0.052301255,0,0,0.085774059,0,0,0,0,0,0,0,0.483263598,0
Robby Scott,0.053872054,0.082491582,0,0,0.255892256,0,0,0,0,0,0,0,0.338383838,0.269360269
Troy Scribner,0.151436031,0.125326371,0,0,0.548302872,0,0,0.002610966,0,0,0,0,0,0.17232376
Antonio Senzatela,0.027075812,0.030685921,0,0,0.719765343,0,0,0,0,0,0.000451264,0,0,0.222021661
Luis Severino,0.134066587,0,0,0,0.516646849,0,0,0,0,0,0,0,0,0.349286564
Paul Sewald,0.040744021,0,0,0,0.631532329,0,0,0.007971656,0,0,0,0,0,0.319751993
Kevin Shackelford,0.001934236,0,0,0,0.292069632,0,0,0,0,0,0,0,0.299806576,0.406189555
Bryan Shaw,0,0,0,0.870790916,0.009397024,0,0,0,0,0,0,0,0,0.11981206
Jimmie Sherfy,0.043715847,0.021857923,0,0,0.453551913,0,0,0,0,0,0,0,0,0.480874317
Ryan Sherriff,0,0,0,0,0.004587156,0,0,0,0,0,0,0,0.69266055,0.302752294
James Shields,0.109677419,0,0.046153846,0.253101737,0.263027295,0,0,0.12853598,0.199503722,0,0,0,0,0
Braden Shipley,0.176591376,0.211498973,0,0,0.301848049,0,0,0.291581109,0,0,0,0,0,0.018480493
Matt Shoemaker,0.000791766,0,0,0,0.253365004,0,0.301662708,0.234362629,0.020585907,0,0,0,0,0.189231987
Chasen Shreve,0,0,0,0,0.491186839,0,0.424206816,0,0,0,0,0,0,0.084606345
Kevin Siegrist,0.185294118,0.186764706,0,0,0.610294118,0,0,0.017647059,0,0,0,0,0,0
Lucas Sims,0.129949239,0.130964467,0,0,0.249746193,0,0,0,0,0,0,0,0.218274112,0.27106599
Tony Sipp,0,0,0,0,0.332831325,0,0.105421687,0.161144578,0,0,0,0,0,0.40060241
Tyler Skaggs,0.093390805,0.310344828,0,0,0.368534483,0,0,0.227729885,0,0,0,0,0,0
Eric Skoglund,0.020671835,0.198966408,0,0,0.527131783,0,0,0.105943152,0,0,0,0,0,0.147286822
Aaron Slegers,0.0995671,0,0,0,0.311688312,0,0,0,0,0,0,0,0.341991342,0.246753247
Caleb Smith,0.279411765,0,0,0,0.482352941,0,0,0.020588235,0,0,0,0,0,0.217647059
Joe Smith,0.006038647,0,0,0,0.245169082,0,0,0,0,0,0,0,0.421497585,0.327294686
Josh Smoker,0,0,0,0,0.553977273,0,0.161931818,0.013257576,0,0,0,0,0,0.270833333
Blake Snell,0.211335677,0.100615114,0,0,0.550527241,0,0,0,0,0,0,0,0,0.137521968
Miguel Socolovich,0.36,0,0,0,0.430769231,0,0,0.006153846,0,0,0,0,0,0.203076923
Sammy Solis,0.113006397,0,0,0,0.006396588,0,0,0,0.249466951,0,0,0,0.631130064,0
Joakim Soria,0.304128902,0.118831823,0,0,0.508559919,0,0,0,0,0,0,0,0,0.068479355
Craig Stammen,0.018039216,0,0,0,0.118431373,0,0,0,0.08,0,0,0,0.515294118,0.268235294
Ryne Stanek,0.044917258,0.007092199,0,0,0.671394799,0,0.082742317,0,0,0,0,0,0,0.193853428
Drew Steckenrider,0.051575931,0,0,0,0.732091691,0,0,0.044412607,0,0,0,0,0,0.171919771
Jackson Stephens,0.077294686,0.200483092,0,0,0.371980676,0,0,0.236714976,0,0,0.002415459,0,0,0.111111111
Robert Stephenson,0.170198223,0.089542037,0,0,0.546821599,0,0,0.000683527,0,0,0.001367054,0,0,0.19138756
Brock Stewart,0.264957265,0,0,0,0.314529915,0,0,0.304273504,0,0,0,0,0,0.116239316
Drew Storen,0.176017602,0,0,0,0.162816282,0,0,0,0,0,0,0,0.275027503,0.386138614
Matt Strahm,0.089783282,0.066563467,0,0,0.673374613,0,0,0,0,0,0,0,0,0.170278638
Dan Straily,0.177922078,0.029545455,0,0,0.447077922,0,0,0.056818182,0,0,0,0,0,0.288636364
Stephen Strasburg,0.178571429,0.215686275,0,0,0.453781513,0,0,0.094887955,0,0,0,0,0,0.057072829
Chris Stratton,0.075815739,0.185220729,0,0.174664107,0.354126679,0,0,0.094049904,0,0,0,0,0,0.116122841
Hunter Strickland,0.014256619,0,0,0,0.573319756,0,0,0.112016293,0,0,0,0,0,0.300407332
Ross Stripling,0.059934319,0,0,0,0.385878489,0,0,0,0.200328407,0,0.000821018,0,0,0.353037767
Marcus Stroman,0.060229446,0.035691523,0,0.035054175,0.112810707,0,0,0.512109624,0,0,0.000318674,0,0,0.243785851
Pedro Strop,0,0,0,0,0.204025618,0,0.164684355,0.346752059,0,0,0,0,0,0.284537969
Daniel Stumpf,0.06885759,0,0,0,0.411580595,0,0,0.189358372,0,0,0,0,0,0.330203443
Albert Suarez,0.083788707,0.256830601,0,0,0.346083789,0,0,0,0,0,0,0,0.147540984,0.16575592
Brent Suter,0.114664587,0.001560062,0,0,0.658346334,0,0,0.046021841,0,0,0,0,0,0.179407176
Anthony Swarzak,0,0,0,0,0.486077963,0,0,0,0,0,0,0,0,0.513922037
Noah Syndergaard,0.185185185,0.104575163,0,0,0.178649237,0,0,0,0,0,0,0,0.333333333,0.198257081
Jameson Taillon,0.098792062,0.259706644,0,0,0.290336497,0,0,0.351164797,0,0,0,0,0,0
Masahiro Tanaka,0,0.058557101,0,0.048527984,0.147848593,0,0.25008088,0,0,0,0,0,0.173406665,0.321578777
Ben Taylor,0.087431694,0,0,0,0.396174863,0,0,0.265027322,0,0,0,0,0,0.25136612
Junichi Tazawa,0,0.175858481,0,0,0.566077003,0.257023933,0,0,0,0,0,0,0,0.001040583
Julio Teheran,0.064947781,0.0904047,0,0,0.399151436,0,0,0.249020888,0,0,0,0,0,0.196475196
Ryan Tepera,0,0,0,0.402199529,0.289866457,0,0,0,0,0,0.001571092,0,0.295365279,0.010997643
Nick Tepesch,0.03,0.186666667,0,0,0.293333333,0,0,0,0,0,0,0,0.283333333,0.206666667
Jesen Therrien,0.022364217,0,0,0,0.306709265,0,0,0.223642173,0,0,0,0,0,0.447284345
Jake Thompson,0.171855542,0,0,0,0.333748443,0,0,0.270236613,0,0,0,0,0,0.224159402
Chris Tillman,0.148746518,0,0,0.007799443,0.311420613,0,0,0.189415042,0.083008357,0,0,0,0,0.259610028
Josh Tomlin,0.071799717,0.241851677,0,0.34293812,0.185640057,0,0,0,0,0,0,0,0.15777043,0
Michael Tonkin,0,0,0,0.057934509,0.322418136,0,0,0,0,0,0,0,0.324937028,0.294710327
Carlos Torres,0,0.113344051,0,0.267684887,0.565916399,0,0,0.031350482,0,0,0,0,0,0.02170418
Jose Torres,0.052083333,0,0,0,0.4375,0,0,0.324810606,0,0,0.00094697,0,0,0.184659091
Blake Treinen,0.068676717,0,0,0,0.155778894,0,0,0,0,0,0,0,0.515912898,0.259631491
Andrew Triggs,0.006463527,0.234533703,0,0,0.02677747,0,0,0,0,0,0.002770083,0,0.409972299,0.319482918
Sam Tuivailala,0,0.197324415,0,0,0.459866221,0,0,0.157190635,0,0,0,0,0,0.185618729
Nik Turley,0.055727554,0.325077399,0,0,0.619195046,0,0,0,0,0,0,0,0,0
Jacob Turner,0.079239303,0.142630745,0,0,0.204437401,0,0,0.456418384,0,0,0.001584786,0,0,0.115689382
Koji Uehara,0,0,0,0,0.628148148,0,0.322962963,0.023703704,0,0,0,0,0,0.025185185
Jose Urena,0.21488178,0,0,0.000347705,0.313282337,0,0,0.233657858,0,0,0,0,0,0.23783032
Julio Urias,0.252427184,0.087378641,0,0,0.466019417,0,0,0.058252427,0,0,0,0,0,0.13592233
Cesar Valdez,0.494,0,0,0,0.156,0,0,0,0,0,0,0,0.256,0.094
Jose Valdez,0.017064846,0,0,0,0.204778157,0,0,0.33105802,0,0,0,0,0,0.447098976
Jason Vargas,0.324546388,0,0,0,0.025676138,0,0,0.446764807,0.203012667,0,0,0,0,0
Felipe Vazquez,0.20349345,0.102183406,0,0,0.605240175,0,0,0.004366812,0,0,0,0,0,0.084716157
Vince Velasquez,0.102685624,0.135860979,0,0,0.670616114,0,0,0.010268562,0,0,0,0,0,0.08056872
Hector Velazquez,0.141361257,0.036649215,0,0,0.35078534,0,0,0,0,0,0,0,0.353403141,0.117801047
Drew VerHagen,0.028195489,0.212406015,0,0,0.253759398,0,0,0.34962406,0,0,0.001879699,0,0,0.154135338
Justin Verlander,0.039606396,0.15104551,0,0.007626076,0.583271833,0,0,0.00295203,0,0,0,0,0,0.215498155
Logan Verrett,0.101910828,0.050955414,0,0,0.305732484,0,0,0.197452229,0,0,0.006369427,0,0,0.337579618
Nick Vincent,0.047619048,0.005291005,0,0.508994709,0.358730159,0,0,0.070899471,0,0,0,0,0,0.008465608
Arodys Vizcaino,0.028368794,0,0,0,0.174940898,0,0,0.439716312,0,0,0,0,0,0.356973995
Edinson Volquez,0.253465347,0,0,0,0.145874587,0,0,0,0.176237624,0,0,0,0.424422442,0
Chris Volstad,0.137546468,0.189591078,0,0,0.07063197,0,0,0,0,0,0,0,0.546468401,0.055762082
Michael Wacha,0.185447761,0.114925373,0,0.168656716,0.495895522,0,0,0.034701493,0,0,0.000373134,0,0,0
Adam Wainwright,0.041198502,0.260299625,0.003745318,0.234550562,0.191947566,0,0,0,0,0,0.00093633,0,0.267322097,0
Taijuan Walker,0,0.124731183,0,0.149462366,0.54874552,0,0.137634409,0.0390681,0,0,0.000358423,0,0,0
Adam Warren,0.096837945,0.07312253,0,0.000988142,0.37944664,0,0,0.007905138,0,0,0,0,0,0.441699605
Tony Watson,0.185424354,0,0,0,0,0,0,0,0,0,0,0,0.658671587,0.155904059
Jered Weaver,0.177443609,0.17593985,0,0,0.288721805,0,0,0.206015038,0,0,0.001503759,0,0,0.15037594
Luke Weaver,0.25645933,0.116746411,0,0.023923445,0.593301435,0,0,0.009569378,0,0,0,0,0,0
Zack Wheeler,0.046794872,0.134615385,0,0,0.411538462,0,0,0.203846154,0,0,0,0,0,0.203205128
Chase Whitley,0.300724638,0.006038647,0,0,0.433574879,0,0,0.001207729,0,0,0.002415459,0,0,0.256038647
Tom Wilhelmsen,0.033185841,0.17699115,0,0,0.347345133,0,0,0.223451327,0,0,0,0,0,0.219026549
Adam Wilk,0.195364238,0.129139073,0,0,0.546357616,0,0,0.003311258,0,0,0,0,0,0.125827815
Aaron Wilkerson,0.072992701,0.197080292,0,0,0.554744526,0,0,0,0,0,0,0,0,0.175182482
Trevor Williams,0.104218362,0.019437552,0,0,0.489247312,0,0,0,0,0,0,0,0.223738627,0.163358147
Alex Wilson,0.003167899,0.065469905,0,0,0.297782471,0,0,0.289334741,0,0,0,0,0,0.344244984
Justin Wilson,0.001755926,0,0,0.218612818,0.659350307,0,0,0.016681299,0,0,0,0,0,0.103599649
Tyler Wilson,0.068181818,0.212121212,0,0.037878788,0.492424242,0,0,0.189393939,0,0,0,0,0,0
Dan Winkler,0.064102564,0.170940171,0,0.324786325,0.384615385,0,0,0.055555556,0,0,0,0,0,0
Matt Wisler,0.01618705,0.044964029,0,0,0.147482014,0,0,0.413669065,0,0,0,0,0,0.377697842
Nick Wittgren,0.090305445,0,0,0,0.72377158,0,0,0,0,0,0,0,0,0.185922975
Asher Wojciechowski,0.108695652,0,0,0,0.61865942,0,0,0,0,0,0.000905797,0,0,0.27173913
Alex Wood,0.258104227,0,0,0,0,0,0,0.505129257,0.236766516,0,0,0,0,0
Blake Wood,0.00078125,0,0,0,0.2203125,0,0.1046875,0,0,0,0.0015625,0,0.3328125,0.33984375
Travis Wood,0.087083577,0.047340736,0,0.20163647,0.466978375,0,0,0.096434833,0,0,0,0,0,0.100526008
Brandon Woodruff,0.12849162,0,0,0,0.603351955,0,0,0,0,0,0,0,0,0.268156425
Brandon Workman,0,0,0,0.249589491,0.512315271,0,0,0,0.238095238,0,0,0,0,0
Vance Worley,0.004850445,0,0,0.368633791,0.135004042,0,0,0.423605497,0.067906225,0,0,0,0,0
Daniel Wright,0.203821656,0.171974522,0,0,0.203821656,0,0,0,0,0,0.003184713,0,0.270700637,0.146496815
Mike Wright Jr.,0.071942446,0.007194245,0,0.002398082,0.29736211,0,0,0,0,0,0,0,0.314148681,0.306954436
Steven Wright,0,0.09921671,0,0,0.101827676,0,0,0,0,0.798955614,0,0,0,0
Jimmy Yacabonis,0.047477745,0,0,0,0.002967359,0,0,0.724035608,0,0,0,0,0,0.225519288
Kirby Yates,0,0,0,0,0.535343035,0,0.108108108,0.088357588,0,0,0,0,0,0.268191268
Gabriel Ynoa,0.074074074,0.001851852,0,0.005555556,0.161111111,0,0,0,0,0,0,0,0.387037037,0.37037037
Michael Ynoa,0.058922559,0.164983165,0,0,0.109427609,0,0,0.415824916,0,0,0,0,0,0.250841751
Chris Young,0.007462687,0,0,0,0.427238806,0,0,0,0,0,0,0,0,0.565298507
Rob Zastryzny,0.024291498,0.12145749,0,0.210526316,0.643724696,0,0,0,0,0,0,0,0,0
Brad Ziegler,0.222701149,0.211206897,0,0,0,0,0,0,0,0,0,0,0.566091954,0
Jordan Zimmermann,0.061293984,0.155883466,0,0,0.44532728,0,0,0.094589482,0,0,0.000378358,0,0,0.242527431
Tony Zych,0,0.001567398,0,0,0.272727273,0,0,0,0,0,0,0,0.332288401,0.393416928
